no,id,parent_id,theme,confidence,status,headline_hi,headline_en,question_hi,question_en,rti_ref,permalink,sources
1,1,,paper-leak,A,verified,"कानून बना, लीक फिर भी हुआ",The law passed. The leak happened anyway.,"2023 में नकल विरोधी कानून लाया गया जिसमें उम्रकैद तक की सज़ा है। फिर सितंबर 2025 में UKSSSC का पेपर दोबारा लीक हुआ और मामला CBI को देना पड़ा। सवाल यह है, कानून बनने के बाद आज तक कितने लोगों को इस कानून के तहत सज़ा मिली?",The 2023 anti-copying law carries penalties up to life imprisonment. Yet in September 2025 the UKSSSC paper leaked again and the case had to be handed to the CBI. How many people have actually been convicted under that law since it came into force?,RTI-01,https://70sawal.github.io/q/1/,"ThePrint: Another exam, another leak — Uttarakhand can't plug gaps despite anti-cheating law <https://theprint.in/india/another-exam-another-leak-uttarakhand-cant-plug-gaps-despite-anti-cheating-law-uksssc-stir-spills-over/2750820/> | The Quint: Provisions of Uttarakhand's anti-copying law (life imprisonment, fine up to Rs 10 crore) <https://www.thequint.com/explainers/uttarakhand-anti-copying-law-provisions-jail-term-fine-paper-leak> | KollegeApply News: CM Dhami orders CBI probe after protests, Sept 2025 <https://news.kollegeapply.com/news/uttarakhand-ssc-paper-leak-2025-cm-orders-cbi-probe-after-protests>"
1.1,2,1,paper-leak,B,verified,"चार बार लीक, फीस आज तक वापस नहीं","Four leaks, and no refund of fees","2017-18, 2021 (पटवारी/लेखपाल), 2022 (UKSSSC स्नातक स्तर), और 2025, भर्ती परीक्षाओं में लीक बार-बार हुआ। नौ साल में कितनी परीक्षाएँ रद्द हुईं, और उन लाखों अभ्यर्थियों को फीस और यात्रा खर्च का मुआवज़ा कब मिलेगा?","Recruitment exam leaks recurred in 2017-18, 2021 (Patwari/Lekhpal), 2022 (UKSSSC graduate level) and 2025. How many exams have been cancelled in nine years, and when will the lakhs of affected aspirants be compensated for fees and travel costs?",RTI-02,https://70sawal.github.io/q/1/,"ThePrint: Pattern of leaks 2017-18, 2021, 2022, 2025 <https://theprint.in/india/another-exam-another-leak-uttarakhand-cant-plug-gaps-despite-anti-cheating-law-uksssc-stir-spills-over/2750820/>"
1.2,58,1,rozgaar,B,verified,"लाठीचार्ज की जाँच बैठी थी, रिपोर्ट कहाँ है?",An inquiry was ordered into the lathi charge. Where is its report?,"भर्ती परीक्षाओं के पेपर लीक के ख़िलाफ़ देहरादून में प्रदर्शन कर रहे छात्रों पर लाठीचार्ज हुआ. पुलिस का कहना था कि पथराव किया गया, बाहरी लोग प्रदर्शन में घुस आए, गाड़ियाँ क्षतिग्रस्त हुईं और कई कर्मचारी घायल हुए. कई प्रदर्शनकारी हिरासत में लिए गए. मुख्यमंत्री ने लाठीचार्ज की जाँच के आदेश दिए थे. सवाल यह है कि उस जाँच में क्या निकला, रिपोर्ट कब आई, और उसमें क्या कार्रवाई की सिफ़ारिश हुई?","Students protesting in Dehradun against recruitment exam paper leaks were lathi-charged. Police said stones had been pelted, that outside elements had entered the protest, that vehicles were damaged and personnel injured. Several protesters were detained. The Chief Minister ordered an inquiry into the lathi charge. The question is what that inquiry found, when it reported, and what action it recommended.",RTI-01,https://70sawal.github.io/q/1/,Republic World: Uttarakhand paper leaks: CM Dhami orders inquiry into lathi charge on protesting students <https://www.republicworld.com/india/uttarakhand-paper-leaks-cm-dhami-orders-inquiry-into-lathi-charge-on-protesting-students-articleshow> | Careers360: Uttarakhand: protests against recruitment exam paper leak continue <https://news.careers360.com/uttarakhand-protests-against-recruitment-exam-paper-leak-continue>
1.3,83,1,rozgaar,B,verified,हाईकोर्ट को कहना पड़ा कि एक सवाल हटाओ,The High Court had to order a question removed,"UKPSC की PCS मुख्य परीक्षा दिसंबर 2025 में होनी थी, लेकिन प्रारंभिक परीक्षा के कुछ सवालों पर विवाद के बाद उच्च न्यायालय ने रोक लगाई. अदालत ने प्रश्न संख्या 70 हटाने और तीन अन्य विवादित सवालों की विशेषज्ञ समिति से समीक्षा कराने का निर्देश दिया. लीक अलग बात है, पर सवाल ही ग़लत हों तो जाँच कौन करता है?","The UKPSC PCS Mains was to be held in December 2025 but was stayed by the High Court after a dispute over questions in the preliminary exam. The Court directed that question 70 be removed and three other disputed questions be reviewed by an expert committee. A leak is one thing, but who checks the questions themselves?",RTI-02,https://70sawal.github.io/q/1/,Careers360: UKPSC PCS Mains 2025 postponed after Uttarakhand HC orders removal and review of prelim questions <https://news.careers360.com/ukpsc-pcs-mains-2025-postponed-uttarakhand-high-court-exam-orders-removal-review-dispute-prelims-questions>
2,4,,palayan,A,verified,"1,700 गाँव पूरी तरह खाली","1,700 villages now completely empty","सरकार के अपने पलायन आयोग के अनुसार राज्य के 16,793 गाँवों में से 1,700 से ज़्यादा गाँव अब पूरी तरह खाली हो चुके हैं। 2017 से अब तक पलायन आयोग की सिफ़ारिशों में से कितनी लागू हुईं?","According to the government's own Rural Development and Migration Commission, more than 1,700 of Uttarakhand's 16,793 villages are now completely uninhabited. Of the Commission's recommendations since 2017, how many have actually been implemented?",RTI-03,https://70sawal.github.io/q/4/,The Migration Story: Uttarakhand's ghost villages: the hidden migration crisis (Migration Commission data) <https://themigrationstory.com/post/uttarakhands-ghost-villages-the-hidden-migration-crisis/> | The Mooknayak: Ghost villages and out-migration consequences <https://en.themooknayak.com/labourer/ghost-villages-abandoned-lives-the-troubling-consequences-of-out-migration-in-uttarakhand>
2.1,6,4,palayan,A,verified,पलायन की वजह सरकार ख़ुद जानती है,The government knows why people leave,"पलायन आयोग खुद कहता है कि 50% पलायन का कारण है रोज़गार का न होना, 15% शिक्षा की कमी, और 8% इलाज की सुविधा न होना। यानी वजह सरकार जानती है। तो 2017 से अब तक पहाड़ी ब्लॉकों में कितने स्कूल और कितने प्राथमिक स्वास्थ्य केंद्र खुले, और कितने बंद हुए?","The Commission itself attributes 50% of out-migration to the lack of rural livelihoods, 15% to lack of access to education and 8% to absent medical facilities. The government knows the causes. So since 2017, how many schools and primary health centres have opened in hill blocks, and how many have closed?",RTI-04,https://70sawal.github.io/q/4/,The Migration Story: Migration Commission causes breakdown (50% livelihood / 15% education / 8% medical) <https://themigrationstory.com/post/uttarakhands-ghost-villages-the-hidden-migration-crisis/>
3,5,,palayan,A,verified,पाँच साल में 3.07 लाख ने पलायन किया,3.07 lakh people migrated in five years,"पलायन आयोग की अंतरिम रिपोर्ट के मुताबिक 2018 से 2022 के बीच 3.07 लाख लोगों ने पलायन किया, 92 ब्लॉकों के 6,436 गाँवों से 3 लाख अस्थायी, और 72 ब्लॉकों के 2,067 गाँवों से 28,631 स्थायी। पाँच साल में यह आँकड़ा घटा या बढ़ा?","The Migration Commission's interim report records 3.07 lakh people migrating between 2018 and 2022, 3 lakh temporary from 6,436 villages across 92 blocks, and 28,631 permanent from 2,067 villages across 72 blocks. Has that figure fallen or risen in the five years since?",RTI-03,https://70sawal.github.io/q/5/,The Migration Story: Migration Commission interim report figures 2018-2022 <https://themigrationstory.com/post/uttarakhands-ghost-villages-the-hidden-migration-crisis/>
4,7,,palayan,A,verified,सात साल में 734 और गाँव खाली,734 more villages emptied in seven years,"2011 में उत्तराखंड में 1,034 गाँव निर्जन थे। 2018 तक यह संख्या बढ़कर लगभग 1,800 हो गई, यानी सात साल में 734 और गाँव खाली। आज 2026 में यह आँकड़ा कितना है, और सरकार ने आख़िरी बार यह गिनती कब कराई?","Uttarakhand had 1,034 uninhabited villages in 2011. By 2018 that had risen to roughly 1,800, 734 more villages emptied in seven years. What is the figure in 2026, and when did the government last actually count?",RTI-03,https://70sawal.github.io/q/7/,"The Migration Story: 1,034 uninhabited villages (2011) rising by 734 by 2018 <https://themigrationstory.com/post/uttarakhands-ghost-villages-the-hidden-migration-crisis/>"
5,8,,bhu-kanoon,A,verified,भू-कानून आठ साल की देरी से आया,The land law arrived eight years late,"भू-कानून की माँग 2017-18 से चल रही थी। सख़्त भू-कानून फरवरी 2025 में जाकर पास हुआ, यानी लगभग आठ साल बाद। इन आठ सालों में बाहरी लोगों को कितनी ज़मीन बेची गई, और नए कानून के बाद उसमें से कितनी वापस ली गई?","The demand for a strong land law has run since 2017-18. The stricter Bhu-Kanoon was passed only in February 2025, roughly eight years later. How much land was transferred to non-residents in those eight years, and how much of it has been reverted since the new law?",RTI-05,https://70sawal.github.io/q/8/,"The Hindu: Uttarakhand approves stricter land law to govern deals by outsiders <https://www.thehindu.com/news/national/uttarakhand/uttarakhand-approves-stricter-land-law-to-govern-deals-by-outsiders/article69238872.ece> | Kumaon Planner: Cabinet passed 20 Feb 2025, Assembly passed 21 Feb 2025 <https://kumaonplanner.com/bhu-kanoon-in-uttarakhand/>"
6,9,,rozgaar,C,verified,"कितने पद भरे गए, आँकड़ा ही नहीं",How many posts were filled? No figure exists,"सरकार हर साल भर्ती के विज्ञापन निकालती है। 2017 से अब तक कितने पद विज्ञापित हुए, कितनी परीक्षाएँ समय पर हुईं, और कितने अभ्यर्थियों को वास्तव में नियुक्ति पत्र मिला?","The government advertises recruitment every year. Since 2017, how many posts have been advertised, how many exams were held on schedule, and how many candidates actually received appointment letters?",RTI-02,https://70sawal.github.io/q/9/,"ThePrint: Another exam, another leak: Uttarakhand can't plug gaps despite anti-cheating law <https://theprint.in/india/another-exam-another-leak-uttarakhand-cant-plug-gaps-despite-anti-cheating-law-uksssc-stir-spills-over/2750820/>"
7,10,,mla-accountability,C,verified,"विधानसभा कितने दिन चली, कहीं नहीं छपता",Assembly sitting days are published nowhere,"2017 से अब तक उत्तराखंड विधानसभा हर साल कितने दिन चली? हर विधायक ने कितने सवाल पूछे, और कितने दिन सदन में मौजूद रहे?","How many days has the Uttarakhand Vidhan Sabha sat in each year since 2017? How many questions has each MLA asked, and on how many days were they present?",RTI-06,https://70sawal.github.io/q/10/,Official website: Uttarakhand Vidhan Sabha <https://ukvidhansabha.uk.gov.in/>
8,11,,governance,A,verified,"एक कार्यकाल, तीन मुख्यमंत्री","One term, three chief ministers","2017 से 2022 के एक ही कार्यकाल में उत्तराखंड को तीन मुख्यमंत्री मिले, त्रिवेंद्र सिंह रावत, तीरथ सिंह रावत (सिर्फ़ चार महीने), और पुष्कर सिंह धामी। जिस राज्य को स्थिर सरकार चाहिए, वहाँ यह अस्थिरता क्यों?","In the single 2017–2022 term Uttarakhand had three chief ministers, Trivendra Singh Rawat, Tirath Singh Rawat (four months), and Pushkar Singh Dhami. Why such instability in a state that needs continuity of governance?",,https://70sawal.github.io/q/11/,
9,12,,rozgaar,A,verified,"पेपर लीक और पलायन, एक ही कहानी",Paper leaks and migration are one story,"जब पहाड़ का नौजवान परीक्षा देता है और पेपर लीक हो जाता है, तो वह अगली बार परीक्षा नहीं, ट्रेन पकड़ता है। पेपर लीक और पलायन, क्या सरकार मानती है कि इन दोनों का आपस में कोई रिश्ता है?","When a young person from the hills sits an exam and the paper leaks, the next thing they board is not another exam hall but a train out. Does the government accept that paper leaks and out-migration are connected?",,https://70sawal.github.io/q/12/,
10,13,,health,A,verified,पहाड़ में 70% विशेषज्ञ डॉक्टर के पद ख़ाली,70% of specialist doctor posts vacant in the hills,"CAG की अपनी रिपोर्ट कहती है कि उत्तराखंड के नौ पहाड़ी ज़िलों में विशेषज्ञ डॉक्टरों के 704 स्वीकृत पदों में से 491 पद ख़ाली हैं, यानी 70% कमी। मैदानी ज़िलों में यह कमी 50% है। पहाड़ का मरीज़ आख़िर जाए तो जाए कहाँ?","The CAG's own audit records that in Uttarakhand's nine hill districts, 491 of 704 sanctioned specialist doctor posts are vacant, a 70% shortfall, against 50% in the plains districts. Where exactly is a patient in the hills supposed to go?",RTI-04,https://70sawal.github.io/q/13/,"Comptroller and Auditor General of India: CAG Report No. 3 of 2024 — Public Health Infrastructure & Management of Health Services, Uttarakhand <https://cag.gov.in/webroot/uploads/download_audit_report/2024/Report-No.-3-of-2024_PA-on-PHIMHS-GoUK_English-067b7164ba564a0.20810756.pdf>"
10.1,14,13,health,A,verified,चमोली में 75% तक नर्सों की कमी,Up to 75% of nurse posts vacant in Chamoli,"CAG के मुताबिक पहाड़ी ज़िलों में स्टाफ़ नर्सों की कमी पिथौरागढ़ में 57% से लेकर चमोली में 75% तक है। जिस अस्पताल में नर्स ही नहीं, वहाँ इलाज कौन करेगा?",The CAG records staff nurse shortfalls in hill districts ranging from 57% in Pithoragarh to 75% in Chamoli. Who provides care in a hospital that has no nurses?,RTI-04,https://70sawal.github.io/q/13/,"Comptroller and Auditor General of India: CAG Report No. 3 of 2024 — Public Health Infrastructure & Management of Health Services, Uttarakhand <https://cag.gov.in/webroot/uploads/download_audit_report/2024/Report-No.-3-of-2024_PA-on-PHIMHS-GoUK_English-067b7164ba564a0.20810756.pdf>"
11,15,,health,A,verified,"सरकार ने माना, समिति बनी, रिपोर्ट कहाँ है?","The government agreed, formed a committee. Where is its report?","सरकार ने नवंबर 2022 में CAG के सामने ये तथ्य स्वीकार किए और कहा कि विशेषज्ञ डॉक्टरों का अलग कैडर बनाने के लिए एक समिति बना दी गई है। उस समिति की रिपोर्ट कहाँ है, और उसकी कितनी सिफ़ारिशें लागू हुईं?","In November 2022 the government accepted these findings before the CAG and said a committee had been constituted to create a separate specialist cadre. Where is that committee's report, and how many of its recommendations were implemented?",RTI-04,https://70sawal.github.io/q/15/,"Comptroller and Auditor General of India: CAG Report No. 3 of 2024 — Public Health Infrastructure & Management of Health Services, Uttarakhand <https://cag.gov.in/webroot/uploads/download_audit_report/2024/Report-No.-3-of-2024_PA-on-PHIMHS-GoUK_English-067b7164ba564a0.20810756.pdf>"
12,16,,health,B,verified,मेडिकल कॉलेजों में 64% फ़ैकल्टी नहीं,64% faculty shortage in government medical colleges,"एक और CAG रिपोर्ट के मुताबिक उत्तराखंड के सरकारी मेडिकल कॉलेजों में फ़ैकल्टी की कमी 64% है। जब पढ़ाने वाले ही नहीं हैं, तो पहाड़ के लिए डॉक्टर तैयार कौन करेगा?","A further CAG report records a 64% faculty shortage in Uttarakhand's government medical colleges. With no one to teach, who is going to train the doctors the hills need?",,https://70sawal.github.io/q/16/,Careers360: CAG report on medical colleges: Uttarakhand faculty shortage 64% <https://news.careers360.com/government-medical-college-teacher-shortage-cag-report-2025-mamc-autch-delhi-nursing-ayush-gmc-haldwani-gdmcuk-rnt-udaipur-nmc/amp>
13,17,,education,B,verified,"1,400 स्कूलों में एक भी बच्चा नहीं","1,400 schools have not a single child","राज्य में 1,552 स्कूल बंद हो चुके हैं, और लगभग 12,000 प्राथमिक सरकारी स्कूलों में से क़रीब 1,400 में एक भी बच्चा दाख़िल नहीं है। हज़ारों में दस से भी कम बच्चे हैं। ये स्कूल बंद क्यों हुए, और सरकार ने रोकने के लिए क्या किया?","1,552 schools in the state have closed, and of roughly 12,000 government primary schools about 1,400 have zero enrolment, with thousands more running on fewer than ten children. Why did these schools empty, and what did the government do to stop it?",RTI-04,https://70sawal.github.io/q/17/,"Centre of Excellence for Himalayan Studies, Shiv Nadar University: The Growing Silences in Uttarakhand's Classrooms, and Why It Matters <https://snu.edu.in/centres/centre-of-excellence-for-himalayan-studies/research/the-growing-silences-in-uttarakhands-classrooms-and-why-it-matters/en/> | Garhwal Post: How Education Failure is Emptying Uttarakhand's Mountains <https://garhwalpost.in/how-education-failure-is-emptying-uttarakhands-mountains/>"
13.1,75,17,education,B,verified,"एक तरफ़ भर्ती के विज्ञापन, दूसरी तरफ़ एक शिक्षक वाले स्कूल","Recruitment advertised on one side, single-teacher schools on the other","2024 में सहायक अध्यापक (LT) के 1,544 पदों के लिए भर्ती निकाली गई. उधर पहाड़ के कई स्कूलों में एक ही शिक्षक कई कक्षाएँ पढ़ा रहा है और 1,400 स्कूलों में एक भी बच्चा नहीं बचा. सवाल: राज्य में शिक्षकों के कुल स्वीकृत पद कितने हैं, कितने भरे हैं, और पहाड़ी ज़िलों में यह अनुपात क्या है?","Recruitment for 1,544 assistant teacher (LT) posts was advertised in 2024. Meanwhile a single teacher handles multiple grades in many hill schools, and 1,400 schools have no children left. How many teaching posts are sanctioned in the state, how many are filled, and what is that ratio in the hill districts?",RTI-04,https://70sawal.github.io/q/17/,"Careers360: UKSSSC assistant teacher recruitment 2024: registration opens for 1,544 vacancies <https://news.careers360.com/uksssc-assistant-teacher-recruitment-2024-registration-opens-for-1544-vacancies-on-march-22-elegibility>"
14,18,,education,B,verified,पिथौरागढ़ में एक साल में 21 स्कूल बंद,21 schools closed in Pithoragarh in one year,"अकेले 2023-24 में पिथौरागढ़ में 21 स्कूल बंद हुए, कारण बताया गया 'बच्चे कम' और 'गाँवों से पलायन'। देहरादून ज़िले में 24 स्कूल शून्य दाख़िले के बाद बंद हुए। यानी सरकार ख़ुद मानती है कि पलायन की वजह से स्कूल बंद हो रहे हैं। फिर पलायन रोकने का काम कहाँ है?","In 2023-24 alone, 21 schools closed in Pithoragarh, the stated reasons being 'fewer children' and 'migration from villages', and 24 closed in Dehradun district after zero enrolment. The government therefore accepts that migration is closing schools. So where is the work to stop the migration?",,https://70sawal.github.io/q/18/,"Centre of Excellence for Himalayan Studies, Shiv Nadar University: The Growing Silences in Uttarakhand's Classrooms, and Why It Matters <https://snu.edu.in/centres/centre-of-excellence-for-himalayan-studies/research/the-growing-silences-in-uttarakhands-classrooms-and-why-it-matters/en/>"
15,19,,education,B,verified,"कहीं ज़रूरत से ज़्यादा शिक्षक, कहीं एक ही","Surplus teachers in some schools, one teacher in others",कुछ स्कूलों में ज़रूरत से ज़्यादा शिक्षक हैं और कुछ में एक ही शिक्षक कई कक्षाएँ पढ़ा रहा है। शिक्षकों की तैनाती का यह असंतुलन नौ साल में ठीक क्यों नहीं हुआ?,Some schools carry surplus teachers while others run with a single teacher handling multiple grades. Why has this imbalance in teacher deployment not been fixed in nine years?,RTI-04,https://70sawal.github.io/q/19/,"Centre of Excellence for Himalayan Studies, Shiv Nadar University: The Growing Silences in Uttarakhand's Classrooms, and Why It Matters <https://snu.edu.in/centres/centre-of-excellence-for-himalayan-studies/research/the-growing-silences-in-uttarakhands-classrooms-and-why-it-matters/en/>"
16,20,,disaster,B,verified,"जोशीमठ: 20,000 प्रभावित, 700+ इमारतों में दरार","Joshimath: 20,000 affected, 700+ buildings cracked","जनवरी 2023 में जोशीमठ धँसने से क़रीब 20,000 लोग प्रभावित हुए और 700 से ज़्यादा इमारतों में दरारें आईं। आज तक कितने परिवारों का पूरा पुनर्वास हुआ है?","The January 2023 Joshimath subsidence directly affected around 20,000 people and damaged more than 700 buildings. How many families have been fully rehabilitated to date?",,https://70sawal.github.io/q/20/,"The Wire: Joshimath subsidence victims resume agitation after government's failure to address issues <https://m.thewire.in/article/science/joshimath-land-subsidence-victims-resume-agitation-after-govts-failure-to-address-issues/amp> | Down To Earth: Joshimath evacuees return to unsafe, damaged homes — rehabilitation policy non-existent after 16 months <https://www.downtoearth.org.in/urbanisation/joshimath-evacuees-return-to-their-unsafe-damaged-homes-even-as-rehabilitation-policy-non-existent-after-16-months-95538>"
16.1,21,20,disaster,B,verified,"20,000 प्रभावित, मुआवज़ा 31 परिवारों को","20,000 affected, settlements paid to 31 families","मार्च 2023 तक जोशीमठ पुनर्वास नीति के तहत सिर्फ़ 31 परिवारों को एकमुश्त मुआवज़ा (कुल 8.3 करोड़ रुपये) दिया गया था, और राहत सिर्फ़ 10% प्रभावित परिवारों तक पहुँची थी। बाकी 90% का क्या हुआ?","By March 2023, one-time settlements under the Joshimath rehabilitation policy had reached just 31 families (Rs 8.3 crore in total), and relief had reached only 10% of affected families. What happened to the other 90%?",,https://70sawal.github.io/q/20/,The Wire: Joshimath subsidence victims resume agitation after government's failure to address issues <https://m.thewire.in/article/science/joshimath-land-subsidence-victims-resume-agitation-after-govts-failure-to-address-issues/amp>
17,22,,disaster,B,verified,16 महीने तक पुनर्वास नीति ही नहीं बनी,No rehabilitation policy for sixteen months,"आपदा के 16 महीने बाद भी जोशीमठ के लिए कोई पुनर्वास नीति मौजूद नहीं थी, और लोग मजबूरी में अपने दरार पड़े, असुरक्षित घरों में लौट गए। वह नीति आज कहाँ है?","Sixteen months after the disaster there was still no rehabilitation policy in place for Joshimath, and residents returned to their cracked, unsafe homes out of sheer necessity. Where is that policy today?",,https://70sawal.github.io/q/22/,"Down To Earth: Joshimath evacuees return to unsafe, damaged homes — rehabilitation policy non-existent after 16 months <https://www.downtoearth.org.in/urbanisation/joshimath-evacuees-return-to-their-unsafe-damaged-homes-even-as-rehabilitation-policy-non-existent-after-16-months-95538>"
18,23,,budget,A,verified,हर रुपये में 60 पैसे पहले से तय,Sixty paise of every rupee is already committed,"2025-26 में उत्तराखंड अपनी राजस्व प्राप्तियों का 60% सिर्फ़ प्रतिबद्ध ख़र्च पर लगाएगा, वेतन 33%, पेंशन 16%, ब्याज 11%। यानी हर रुपये में से 60 पैसे पहले ही तय हैं। बाकी 40 पैसे में सड़क, स्कूल, अस्पताल, सब कैसे बनेगा?","In 2025-26 Uttarakhand will spend 60% of its revenue receipts on committed expenditure alone, 33% salaries, 16% pensions, 11% interest. Sixty paise of every rupee is spoken for before anything is built. How do roads, schools and hospitals come out of the remaining forty?",,https://70sawal.github.io/q/23/,PRS Legislative Research: Uttarakhand Budget Analysis 2025-26 <https://prsindia.org/files/budget/budget_state/uttarakhand/2025/Uttarakhand_Budget_Analysis_2025-26.pdf>
19,24,,budget,A,verified,"GSDP का 24.2% क़र्ज़, ₹26,006 करोड़ चुकाने हैं","Debt at 24.2% of GSDP, Rs 26,006 crore due","2024-25 के अंत तक राज्य की बकाया देनदारियाँ GSDP का लगभग 24.2% अनुमानित थीं, और 2025-26 में राज्य को 26,006 करोड़ रुपये का क़र्ज़ चुकाना है। यह क़र्ज़ किन परियोजनाओं पर ख़र्च हुआ, और उनमें से कितनी पूरी हुईं?","Outstanding liabilities were estimated at about 24.2% of GSDP by the end of 2024-25, and the state must repay Rs 26,006 crore of debt in 2025-26. Which projects was this borrowing spent on, and how many of them were completed?",,https://70sawal.github.io/q/24/,PRS Legislative Research: Uttarakhand Budget Analysis 2024-25 <https://prsindia.org/budgets/states/uttarakhand-budget-analysis-2024-25> | PRS Legislative Research: Uttarakhand Budget Analysis 2025-26 <https://prsindia.org/files/budget/budget_state/uttarakhand/2025/Uttarakhand_Budget_Analysis_2025-26.pdf>
20,25,,palayan,A,verified,"डॉक्टर नहीं, स्कूल नहीं, इसलिए गाँव खाली","No doctors, no schools, so the villages empty","पलायन आयोग ख़ुद कहता है कि 15% लोग शिक्षा की कमी से और 8% इलाज की कमी से गाँव छोड़ते हैं। CAG कहता है पहाड़ में 70% विशेषज्ञ डॉक्टर के पद ख़ाली हैं। और 1,400 स्कूलों में एक भी बच्चा नहीं बचा। ये तीन अलग-अलग ख़बरें नहीं हैं, ये एक ही कहानी है। सरकार इसे एक कहानी कब मानेगी?","The Migration Commission says 15% leave for lack of education and 8% for lack of healthcare. The CAG says 70% of specialist doctor posts in the hills are vacant. And 1,400 schools have no children left. These are not three separate news stories, they are one story. When will the government treat it as one?",,https://70sawal.github.io/q/25/,"Comptroller and Auditor General of India: CAG Report No. 3 of 2024 — Public Health Infrastructure & Management of Health Services, Uttarakhand <https://cag.gov.in/webroot/uploads/download_audit_report/2024/Report-No.-3-of-2024_PA-on-PHIMHS-GoUK_English-067b7164ba564a0.20810756.pdf> | Centre of Excellence for Himalayan Studies, Shiv Nadar University: The Growing Silences in Uttarakhand's Classrooms, and Why It Matters <https://snu.edu.in/centres/centre-of-excellence-for-himalayan-studies/research/the-growing-silences-in-uttarakhands-classrooms-and-why-it-matters/en/>"
21,26,,vaada,A,verified,"वादा दिसंबर 2022 का, हक़ीक़त 2027","Promised December 2022, the reality is 2027","भाजपा के 2022 के दृष्टि पत्र में लिखा था कि चारधाम हाईवे दिसंबर 2022 तक पूरा हो जाएगा। उसी परियोजना की सिलक्यारा सुरंग अब 2027 की शुरुआत में खुलने की बात है। वादा दिसंबर 2022 का था, हक़ीक़त 2027 है। चार साल की देरी का हिसाब कौन देगा?",The BJP's 2022 Drishti Patra promised the Char Dham highway would be complete by December 2022. The Silkyara tunnel on that same project is now expected to open in early 2027. The promise said December 2022; the reality is 2027. Who accounts for the four-year gap?,,https://70sawal.github.io/q/26/,"Bharatiya Janata Party: Uttarakhand Drishti Patra 2022 — BJP election manifesto (official PDF) <https://www.bjp.org/files/election-manifesto-documents/Manifesto%20English%20UK_2.pdf> | Asianet Newsable: BJP's 'Drishti Patra 2022' promises jobs, increased pension and more <https://newsable.asianetnews.com/india/uttarakhand-election-2022-bjp-drishti-patra-2022-promises-jobs-increased-pension-and-more-gcw-r71kv0> | ETV Bharat: Silkyara tunnel, where 41 workers were trapped after 2023 landslide, to open early 2027 <https://www.etvbharat.com/en/bharat/silkyara-tunnel-in-uttarkashi-where-41-workers-were-trapped-after-2023-landslide-to-open-early-2027-enn26020904299>"
21.1,27,26,infrastructure,B,verified,"889 किमी की परियोजना, 53 टुकड़ों में बँटी","An 889 km project, split into 53 pieces","12,000 करोड़ रुपये की चारधाम परियोजना में 825 किलोमीटर हाईवे चौड़ा किया जाना था। आरोप है कि पर्यावरण प्रभाव आकलन (EIA) से बचने के लिए इसे 53 छोटे-छोटे हिस्सों में बाँट दिया गया। अगर काम सही था, तो उसे 53 टुकड़ों में बाँटने की ज़रूरत क्यों पड़ी?","The Rs 12,000 crore Char Dham project involved widening 825 km of highway. It is alleged the project was split into 53 smaller parts to avoid a full environmental impact assessment. If the work was sound, why did it need to be divided into 53 pieces?",,https://70sawal.github.io/q/26/,Mongabay India: Risky development in Uttarakhand: interview with environmentalist Ravi Chopra <https://news.mongabay.com/2024/02/risky-development-in-uttarakhand-interview-with-environmentalist-ravi-chopra/> | NewsClick: Noted environmentalist red-flags Char Dham project dangers <https://www.newsclick.in/noted-environmentalist-red-flags-char-dham-project-dangers>
21.2,28,26,infrastructure,A,verified,"41 मज़दूर, 17 दिन, फिर क्या बदला?","41 workers, 17 days, and then what changed?","12 नवंबर 2023 को सिलक्यारा सुरंग धँस गई और 41 मज़दूर 17 दिन तक अंदर फँसे रहे। उस हादसे के बाद उत्तराखंड की सुरंग परियोजनाओं में सुरक्षा जाँच के कौन से नए नियम लागू किए गए, और किसने उनका पालन जाँचा?","On 12 November 2023 the Silkyara tunnel collapsed and 41 workers were trapped inside for 17 days. What new safety-inspection rules were actually put in place for Uttarakhand's tunnel projects after that, and who has checked they are being followed?",,https://70sawal.github.io/q/26/,"ETV Bharat: Silkyara tunnel, where 41 workers were trapped after 2023 landslide, to open early 2027 <https://www.etvbharat.com/en/bharat/silkyara-tunnel-in-uttarkashi-where-41-workers-were-trapped-after-2023-landslide-to-open-early-2027-enn26020904299> | The Wire: Worker killed as part of Silkyara-Barkot tunnel concrete lining collapses <https://m.thewire.in/article/environment/silkyara-barkot-tunnel-concrete-lining-collapse-kills-worker/amp>"
22,29,,infrastructure,B,verified,तीन साल बाद उसी सुरंग में एक और मौत,Another death in the same tunnel three years on,जुलाई 2026 में उसी सिलक्यारा सुरंग में शॉटक्रीट लाइनिंग गिरने से एक 21 साल के मज़दूर की मौत हो गई। 2023 के हादसे के लगभग तीन साल बाद भी उसी सुरंग में मज़दूर की जान जा रही है। सुरक्षा में क्या बदला?,"In July 2026 a 21-year-old worker was killed when shotcrete lining collapsed inside the same Silkyara tunnel. Nearly three years after the 2023 disaster, workers are still dying in that tunnel. What changed in safety?",,https://70sawal.github.io/q/29/,ANI: Jharkhand worker dies after concrete lining collapses inside Silkyara Tunnel; NHIDCL launches probe <https://aninews.in/news/national/general-news/jharkhand-worker-dies-after-concrete-lining-collapses-inside-silkyara-tunnel-nhidcl-launches-probe20260716125515/> | The Tunnelling Journal: Worker killed in Silkyara-Barkot tunnel lining collapse <https://tunnellingjournal.com/worker-killed-in-silkyara-barkot-tunnel-lining-collapse/>
23,30,,vaada,A,verified,"वादा: BPL महिला मुखिया को ₹2,000 महीना","Promised: Rs 2,000 a month to BPL women heads","दृष्टि पत्र 2022 का वादा, गरीबी रेखा से नीचे (BPL) परिवारों की महिला मुखिया को हर महीने 2,000 रुपये, और नाबालिग बच्चों की देखभाल के लिए 1,000 रुपये अतिरिक्त। आज तक कितनी महिलाओं को यह पैसा मिला?","Drishti Patra 2022 promised Rs 2,000 a month to women heads of BPL families, plus Rs 1,000 for the care of minor children. How many women have actually received it?",RTI-07,https://70sawal.github.io/q/30/,"Bharatiya Janata Party: Uttarakhand Drishti Patra 2022 — BJP election manifesto (official PDF) <https://www.bjp.org/files/election-manifesto-documents/Manifesto%20English%20UK_2.pdf> | Asianet Newsable: BJP's 'Drishti Patra 2022' promises jobs, increased pension and more <https://newsable.asianetnews.com/india/uttarakhand-election-2022-bjp-drishti-patra-2022-promises-jobs-increased-pension-and-more-gcw-r71kv0>"
24,31,,vaada,A,verified,"वादा: पहाड़ की गर्भवती महिलाओं को ₹40,000","Promised: Rs 40,000 to pregnant women in the hills","दृष्टि पत्र 2022 का वादा, पहाड़ी क्षेत्रों में रहने वाली गर्भवती महिलाओं को 40,000 रुपये। कितनी महिलाओं को यह राशि मिली, और किस योजना के तहत?","Drishti Patra 2022 promised Rs 40,000 to pregnant women living in the hill regions. How many women received it, and under which scheme?",RTI-07,https://70sawal.github.io/q/31/,"Bharatiya Janata Party: Uttarakhand Drishti Patra 2022 — BJP election manifesto (official PDF) <https://www.bjp.org/files/election-manifesto-documents/Manifesto%20English%20UK_2.pdf> | Asianet Newsable: BJP's 'Drishti Patra 2022' promises jobs, increased pension and more <https://newsable.asianetnews.com/india/uttarakhand-election-2022-bjp-drishti-patra-2022-promises-jobs-increased-pension-and-more-gcw-r71kv0>"
25,32,,vaada,A,verified,वादा: साल में तीन मुफ़्त गैस सिलेंडर,Promised: three free gas cylinders a year,"दृष्टि पत्र 2022 का वादा, गरीब परिवारों को साल में तीन मुफ़्त रसोई गैस सिलेंडर। कितने परिवारों को कितने सिलेंडर मिले?",Drishti Patra 2022 promised three free LPG cylinders a year to poor families. How many families received how many cylinders?,RTI-07,https://70sawal.github.io/q/32/,"Bharatiya Janata Party: Uttarakhand Drishti Patra 2022 — BJP election manifesto (official PDF) <https://www.bjp.org/files/election-manifesto-documents/Manifesto%20English%20UK_2.pdf> | Asianet Newsable: BJP's 'Drishti Patra 2022' promises jobs, increased pension and more <https://newsable.asianetnews.com/india/uttarakhand-election-2022-bjp-drishti-patra-2022-promises-jobs-increased-pension-and-more-gcw-r71kv0>"
26,33,,vaada,A,verified,"वादा: बुज़ुर्ग पेंशन ₹3,600","Promised: old-age pension of Rs 3,600","दृष्टि पत्र 2022 का वादा, बुज़ुर्गों की पेंशन बढ़ाकर 3,600 रुपये। आज पेंशन कितनी है, और कब से बढ़ी?","Drishti Patra 2022 promised to raise the old-age pension to Rs 3,600. What is the pension today, and from when was it increased?",RTI-07,https://70sawal.github.io/q/33/,"Bharatiya Janata Party: Uttarakhand Drishti Patra 2022 — BJP election manifesto (official PDF) <https://www.bjp.org/files/election-manifesto-documents/Manifesto%20English%20UK_2.pdf> | Asianet Newsable: BJP's 'Drishti Patra 2022' promises jobs, increased pension and more <https://newsable.asianetnews.com/india/uttarakhand-election-2022-bjp-drishti-patra-2022-promises-jobs-increased-pension-and-more-gcw-r71kv0>"
27,34,,vaada,A,verified,वादा: बागवानी और डेयरी को ₹500-₹500 करोड़,Promised: Rs 500 crore each for horticulture and dairy,"दृष्टि पत्र 2022 का वादा, बागवानी के लिए 500 करोड़ और डेयरी विकास के लिए 500 करोड़ रुपये। इन दोनों मदों में अब तक कितना पैसा वाकई ख़र्च हुआ?",Drishti Patra 2022 promised Rs 500 crore for horticulture and Rs 500 crore for dairy development. How much of each has actually been spent?,RTI-07,https://70sawal.github.io/q/34/,"Bharatiya Janata Party: Uttarakhand Drishti Patra 2022 — BJP election manifesto (official PDF) <https://www.bjp.org/files/election-manifesto-documents/Manifesto%20English%20UK_2.pdf> | Asianet Newsable: BJP's 'Drishti Patra 2022' promises jobs, increased pension and more <https://newsable.asianetnews.com/india/uttarakhand-election-2022-bjp-drishti-patra-2022-promises-jobs-increased-pension-and-more-gcw-r71kv0>"
28,35,,vaada,B,verified,पच्चीस साल से राजधानी 'अस्थायी',"Twenty-five years, and the capital is still 'interim'","2000 में राज्य बना तो देहरादून को अस्थायी राजधानी बनाया गया, इस समझ के साथ कि आगे चलकर गैरसैंण राजधानी बनेगी। 2017 के दृष्टि पत्र में गैरसैंण को स्थायी राजधानी बनाने के सभी विकल्प तलाशने की बात कही गई। ग्रीष्मकालीन राजधानी की घोषणा हुई, स्थायी राजधानी आज भी देहरादून है। पच्चीस साल बाद भी 'अस्थायी' कब तक?","When the state was formed in 2000, Dehradun was made the interim capital on the understanding that Gairsain would eventually become the capital. The 2017 vision document spoke of exploring all options for making Gairsain the permanent capital. A summer capital was announced; the permanent capital is still Dehradun. How long does 'interim' last, twenty-five years and counting?",,https://70sawal.github.io/q/35/,Newslaundry: 'How will this construction benefit us?': Uttarakhand residents waiting for Gairsain's capital status <https://www.newslaundry.com/2022/02/04/how-will-this-construction-benefit-us-uttarakhand-residents-waiting-for-gairsains-capital-status>
29,36,,environment,B,verified,जंगल की आग में देश में पहला नंबर,First in the country for forest fires,"23 नवंबर 2023 से 19 जून 2024 के बीच उत्तराखंड में जंगल की आग की 11,256 घटनाएँ दर्ज हुईं, 13 में से 11 ज़िलों में। भारत वन स्थिति रिपोर्ट में उत्तराखंड 2023 के 13वें स्थान से 2024 में देश में पहले नंबर पर पहुँच गया। 2024 की आग में 12 लोगों की जान गई, जिनमें 6 वन विभाग के अपने कर्मचारी थे। यह तैयारी थी या नाकामी?","Between 23 November 2023 and 19 June 2024, Uttarakhand recorded 11,256 forest fire incidents across 11 of its 13 districts. In the India State of Forest Report the state rose from 13th in 2023 to first in the country in 2024. Twelve people died in the 2024 fires, six of them forest department staff. Was that preparedness, or failure?",,https://70sawal.github.io/q/36/,"IIRS, ISRO: Satellite-based observations of forest fires, 2024, in Uttarakhand <https://science.iirs.gov.in/satellite-based-observations-of-forest-fires-2024-in-uttarakhand/> | Mongabay India: Uttarakhand forests burn while fire guards face outstanding salaries and lack of resources <https://india.mongabay.com/2024/08/uttarakhand-forests-burn-while-fire-guards-face-outstanding-salaries-and-lack-of-resources/>"
29.1,37,36,environment,B,verified,आग बुझाने वालों का ही वेतन बाक़ी,The people who fight the fires were not paid,"जिन फ़ायर वॉचरों ने जंगल की आग से लड़ाई लड़ी, उन्हीं का कहना है कि उनका बकाया वेतन नहीं मिला और उनके पास ज़रूरी उपकरण तक नहीं थे। जो लोग आग बुझाने जाते हैं, उन्हें समय पर पैसा और साज़ो-सामान क्यों नहीं मिलता?",The fire watchers who fought the forest fires say their wages were outstanding and that they were not given adequate equipment. Why are the people sent to fight the fires not paid on time or properly equipped?,RTI-08,https://70sawal.github.io/q/36/,Mongabay India: Uttarakhand forests burn while fire guards face outstanding salaries and lack of resources <https://india.mongabay.com/2024/08/uttarakhand-forests-burn-while-fire-guards-face-outstanding-salaries-and-lack-of-resources/>
30,38,,disaster,A,verified,"जोशीमठ, सिलक्यारा, आग: क्या राज्य तैयार है?","Joshimath, Silkyara, fires: is the state prepared?","जोशीमठ धँसा और पुनर्वास नीति सोलह महीने तक नहीं बनी। सिलक्यारा सुरंग गिरी और 41 मज़दूर 17 दिन फँसे रहे। 2024 में जंगल की आग में देश में हम पहले नंबर पर आ गए। ये तीन अलग हादसे नहीं हैं, ये एक ही सवाल है: क्या यह राज्य आपदा के लिए तैयार है?","Joshimath subsided and no rehabilitation policy existed for sixteen months. The Silkyara tunnel collapsed and 41 workers were trapped for 17 days. In 2024 we ranked first in the country for forest fires. These are not three separate accidents, they are one question: is this state prepared for disaster at all?",,https://70sawal.github.io/q/38/,"IIRS, ISRO: Satellite-based observations of forest fires, 2024, in Uttarakhand <https://science.iirs.gov.in/satellite-based-observations-of-forest-fires-2024-in-uttarakhand/> | ETV Bharat: Silkyara tunnel, where 41 workers were trapped after 2023 landslide, to open early 2027 <https://www.etvbharat.com/en/bharat/silkyara-tunnel-in-uttarkashi-where-41-workers-were-trapped-after-2023-landslide-to-open-early-2027-enn26020904299>"
31,39,,infrastructure,B,verified,कोर्ट की अपनी समिति के अध्यक्ष ने इस्तीफ़ा दिया,The chairman of the Court's own committee resigned,"चारधाम परियोजना की निगरानी के लिए सुप्रीम कोर्ट ने सितंबर 2019 में एक उच्चाधिकार समिति बनाई थी, जिसके अध्यक्ष थे पर्यावरणविद् डॉ. रवि चोपड़ा। जनवरी 2022 में उन्होंने इस्तीफ़ा दे दिया, जब कोर्ट ने 'सुरक्षा कारणों' का हवाला देकर समिति की मुख्य सिफ़ारिश (सड़क की चौड़ाई 5.5 मीटर तक सीमित रखने) को नहीं माना। जब सुप्रीम कोर्ट की अपनी बनाई समिति का अध्यक्ष ही इस्तीफ़ा दे दे, तो सवाल किससे पूछें?","The Supreme Court constituted a High Powered Committee in September 2019 to oversee the Char Dham project, chaired by the environmentalist Dr Ravi Chopra. In January 2022 he resigned, after the Court, citing 'security concerns', declined to accept the committee's central recommendation to limit road width to 5.5 metres in fragile terrain. When the chairman of the Supreme Court's own committee resigns, who is left to ask?",,https://70sawal.github.io/q/39/,North East Now: Why I quit: Ravi Chopra details how the government 'bulldozed' the Char Dham highway project <https://nenow.in/opinion/interview-why-i-quit-environmentalist-ravi-chopra-details-how-govt-bulldozed-char-dham-highway-project.html> | Mongabay India: Risky development in Uttarakhand: interview with environmentalist Ravi Chopra <https://news.mongabay.com/2024/02/risky-development-in-uttarakhand-interview-with-environmentalist-ravi-chopra/>
32,40,,environment,A,verified,"पेड़ का ₹13.86 करोड़, आई-फ़ोन और लैपटॉप पर","Rs 13.86 crore of tree money, spent on iPhones and laptops","पेड़ काटने के बदले नए पेड़ लगाने के लिए जो पैसा आता है (CAMPA), CAG की रिपोर्ट कहती है कि उसमें से 13.86 करोड़ रुपये ऐसे कामों पर ख़र्च कर दिए गए जिनकी इजाज़त ही नहीं थी, इमारतों की मरम्मत, अदालती मुक़दमे, 'गणमान्य लोगों के दौरे', और आई-फ़ोन, लैपटॉप, फ़्रिज, कूलर व स्टेशनरी की ख़रीद। जंगल का पैसा आई-फ़ोन पर क्यों?","CAMPA money exists to plant new trees in place of those felled. The CAG records that Rs 13.86 crore of it was diverted to activities that were not permitted at all, renovating buildings, court cases, 'personage visits', and the purchase of iPhones, laptops, fridges, coolers and stationery. Why is forest money buying iPhones?",RTI-09,https://70sawal.github.io/q/40/,"Comptroller and Auditor General of India: CAG Report No. 5 of 2024 — Performance Audit of CAMPA, Uttarakhand (official PDF) <https://cag.gov.in/webroot/uploads/download_audit_report/2024/Report-No.-5-of-2024_PA-on-CAMPA_UK_English-067b7207df21da8.12397130.pdf> | Business Standard: CAG flags misuse, delays in Uttarakhand's compensatory afforestation funds <https://www.business-standard.com/india-news/cag-flags-misuse-delays-in-uttarakhand-s-compensatory-afforestation-funds-125022200477_1.html>"
32.1,41,40,environment,A,verified,लगाए गए तीन में से दो पौधे मर गए,Two of every three saplings planted died,"CAG के मुताबिक 2017 से 2022 के बीच लगाए गए पौधों की जीवित रहने की दर सिर्फ़ 33% रही, जबकि वन अनुसंधान संस्थान का मानक 60-65% है। यानी हर तीन में से दो पौधे मर गए। कटे पेड़ों की भरपाई हुई कहाँ?","The CAG records that the survival rate of trees planted between 2017 and 2022 was just 33%, against the Forest Research Institute's standard of 60-65%. Two of every three saplings died. So where exactly were the felled trees compensated for?",RTI-09,https://70sawal.github.io/q/40/,"Comptroller and Auditor General of India: CAG Report No. 5 of 2024 — Performance Audit of CAMPA, Uttarakhand (official PDF) <https://cag.gov.in/webroot/uploads/download_audit_report/2024/Report-No.-5-of-2024_PA-on-CAMPA_UK_English-067b7207df21da8.12397130.pdf> | Business Standard: CAG flags misuse, delays in Uttarakhand's compensatory afforestation funds <https://www.business-standard.com/india-news/cag-flags-misuse-delays-in-uttarakhand-s-compensatory-afforestation-funds-125022200477_1.html>"
32.2,42,40,environment,A,verified,37 मामलों में वनीकरण आठ साल देर से,Afforestation delayed by eight years in 37 cases,"CAG ने पाया कि 37 मामलों में क्षतिपूर्ति वनीकरण आठ साल से भी ज़्यादा देर से हुआ, जिससे लागत 11.54 करोड़ रुपये बढ़ गई। पेड़ पहले कट गए, लगे आठ साल बाद। इस बीच पहाड़ का क्या हुआ?","The CAG found compensatory afforestation delayed by more than eight years in 37 cases, escalating costs by Rs 11.54 crore. The trees were felled first and planted eight years later. What happened to the hillside in between?",RTI-09,https://70sawal.github.io/q/40/,"Comptroller and Auditor General of India: CAG Report No. 5 of 2024 — Performance Audit of CAMPA, Uttarakhand (official PDF) <https://cag.gov.in/webroot/uploads/download_audit_report/2024/Report-No.-5-of-2024_PA-on-CAMPA_UK_English-067b7207df21da8.12397130.pdf> | Business Standard: CAG flags misuse, delays in Uttarakhand's compensatory afforestation funds <https://www.business-standard.com/india-news/cag-flags-misuse-delays-in-uttarakhand-s-compensatory-afforestation-funds-125022200477_1.html>"
33,43,,environment,A,verified,"पेड़ लगाने का पैसा, टाइगर सफ़ारी पर","Money meant for planting trees, spent on a tiger safari","CAG की सूची में जिन 'अस्वीकार्य' कामों पर CAMPA का पैसा लगा, उनमें 'टाइगर सफ़ारी का काम' भी शामिल है। और जिस पाखरो टाइगर सफ़ारी पर सुप्रीम कोर्ट में अवैध पेड़ कटान का मामला चला, वो इसी सिलसिले का हिस्सा है। पेड़ लगाने का पैसा उसी परियोजना पर कैसे लगा, जिस पर पेड़ काटने के आरोप थे?",Among the 'inadmissible' uses of CAMPA money listed by the CAG is 'tiger safari work'. And the Pakhro tiger safari is the project at the centre of the illegal tree-felling case before the Supreme Court. How did money meant for planting trees end up on the very project accused of felling them?,RTI-09,https://70sawal.github.io/q/43/,"Comptroller and Auditor General of India: CAG Report No. 5 of 2024 — Performance Audit of CAMPA, Uttarakhand (official PDF) <https://cag.gov.in/webroot/uploads/download_audit_report/2024/Report-No.-5-of-2024_PA-on-CAMPA_UK_English-067b7207df21da8.12397130.pdf> | Business Standard: CAG flags misuse, delays in Uttarakhand's compensatory afforestation funds <https://www.business-standard.com/india-news/cag-flags-misuse-delays-in-uttarakhand-s-compensatory-afforestation-funds-125022200477_1.html> | Bar and Bench: Supreme Court pulls up former Minister for destroying Jim Corbett, bans tiger safari in core area <https://www.barandbench.com/news/supreme-court-pulls-up-former-minister-destroying-jim-corbett-bans-tiger-safari-core-area>"
34,44,,environment,A,verified,कॉर्बेट में कोर्ट को ख़ुद दख़ल देना पड़ा,The Court had to step into Corbett itself,"सुप्रीम कोर्ट ने उत्तराखंड सरकार को आदेश दिया कि कॉर्बेट टाइगर रिज़र्व में अवैध निर्माण और बड़े पैमाने पर पेड़ कटान से हुए पारिस्थितिक नुक़सान की पूरी भरपाई की जाए, तीन महीने के भीतर सारे अवैध ढाँचे गिराए जाएँ, और बहाली की निगरानी केंद्रीय अधिकार प्राप्त समिति (CEC) करे। सवाल यह है, जब पेड़ कट रहे थे और निर्माण हो रहा था, तब रोकने वाला कौन था?","The Supreme Court has directed the Uttarakhand government to fully restore the ecological damage caused by unauthorised construction and large-scale tree felling in Corbett Tiger Reserve, to demolish all illegal structures within three months, and placed the restoration under the supervision of the Central Empowered Committee. The question is: while the trees were being felled and the structures built, whose job was it to stop it?",,https://70sawal.github.io/q/44/,"The Statesman: SC orders Uttarakhand to restore ecological damage in Corbett, pull down illegal structures; CEC to oversee <https://www.thestatesman.com/india/sc-orders-uttarakhand-to-put-back-ecological-damage-in-corbett-pull-down-illegal-structures-cec-to-oversee-restoration-1503513458.html> | Supreme Court Observer: In re: Corbett Tiger Reserve — case record <https://www.scobserver.in/supreme-court-observer-law-reports-scolr/in-re-corbett-tiger-reserve-ecological-sensitive-zone/> | Bar and Bench: Supreme Court pulls up former Minister for destroying Jim Corbett, bans tiger safari in core area <https://www.barandbench.com/news/supreme-court-pulls-up-former-minister-destroying-jim-corbett-bans-tiger-safari-core-area>"
35,45,,environment,A,verified,कॉर्बेट मामले में सुप्रीम कोर्ट की कड़ी टिप्पणी,Supreme Court's sharp criticism in the Corbett case,"कॉर्बेट मामले में सुप्रीम कोर्ट ने तत्कालीन वन मंत्री और एक प्रभागीय वनाधिकारी की भूमिका पर कड़ी टिप्पणी की। जब देश की सबसे बड़ी अदालत को ख़ुद यह कहना पड़े, तो राज्य सरकार ने अपने स्तर पर क्या कार्रवाई की, और कब?","In the Corbett matter the Supreme Court criticised the role of the then Forest Minister and a Divisional Forest Officer. When the country's highest court has to say that itself, what action did the state government take on its own, and when?",,https://70sawal.github.io/q/45/,"Bar and Bench: Supreme Court pulls up former Minister for destroying Jim Corbett, bans tiger safari in core area <https://www.barandbench.com/news/supreme-court-pulls-up-former-minister-destroying-jim-corbett-bans-tiger-safari-core-area> | Supreme Court Observer: In re: Corbett Tiger Reserve — case record <https://www.scobserver.in/supreme-court-observer-law-reports-scolr/in-re-corbett-tiger-reserve-ecological-sensitive-zone/>"
36,46,,environment,A,verified,"अलग-अलग घटनाएँ, या एक तरीक़ा?","Separate incidents, or a method?","चारधाम परियोजना को EIA से बचाने के लिए 53 हिस्सों में बाँटा गया। सुप्रीम कोर्ट की अपनी समिति की सिफ़ारिश नहीं मानी गई और अध्यक्ष ने इस्तीफ़ा दे दिया। पेड़ लगाने का पैसा आई-फ़ोन और लैपटॉप पर ख़र्च हुआ। कॉर्बेट में अवैध कटान पर कोर्ट को ख़ुद दख़ल देना पड़ा। ये अलग-अलग घटनाएँ हैं, या एक तरीक़ा?","The Char Dham project was split into 53 parts to avoid an environmental impact assessment. The Supreme Court's own committee had its recommendation set aside and its chairman resigned. Money meant for planting trees was spent on iPhones and laptops. In Corbett, the Court itself had to intervene over illegal felling. Are these separate incidents, or a method?",,https://70sawal.github.io/q/46/,"Comptroller and Auditor General of India: CAG Report No. 5 of 2024 — Performance Audit of CAMPA, Uttarakhand (official PDF) <https://cag.gov.in/webroot/uploads/download_audit_report/2024/Report-No.-5-of-2024_PA-on-CAMPA_UK_English-067b7207df21da8.12397130.pdf> | Bar and Bench: Supreme Court pulls up former Minister for destroying Jim Corbett, bans tiger safari in core area <https://www.barandbench.com/news/supreme-court-pulls-up-former-minister-destroying-jim-corbett-bans-tiger-safari-core-area>"
36.1,98,46,environment,B,verified,"भागीरथी इको ज़ोन में 6,822 पेड़","6,822 trees in the Bhagirathi eco-zone","दिसंबर 2025 में भागीरथी इको सेंसिटिव ज़ोन में भैरोंघाटी से झाला तक 20.6 किलोमीटर सड़क चौड़ीकरण के लिए 41.92 हेक्टेयर में 6,822 पेड़ काटने की मंज़ूरी दी गई, जिनमें पुराने देवदार भी हैं। धराली में आई आपदा के बाद यह सवाल और बड़ा हो जाता है कि इस मंज़ूरी से पहले भूस्खलन का ताज़ा आकलन कराया गया था या नहीं?","In December 2025, clearance was given to fell 6,822 trees, including old deodars, across 41.92 hectares for widening 20.6 km of road from Bhaironghati to Jhala inside the Bhagirathi eco-sensitive zone. After the Dharali disaster, the question is sharper: was a fresh landslide risk assessment carried out before this clearance was granted?",RTI-16,https://70sawal.github.io/q/46/,"The Logical Indian: Uttarakhand clears 6,822 trees in Bhagirathi eco-zone for Char Dham road, igniting landslide fears after Dharali floods <https://thelogicalindian.com/uttarakhand-clears-6822-trees-in-bhagirathi-eco-zone-for-char-dham-road-igniting-landslide-fears-after-dharali-floods/> | Down To Earth: Uttarakhand gives in-principle approval for Char Dham road through disaster-prone zone, putting thousands of deodar trees at risk <https://www.downtoearth.org.in/governance/uttarakhand-gives-in-principle-approval-for-char-dham-road-through-disaster-prone-zone-putting-thousands-of-deodar-trees-at-risk>"
36.2,99,46,environment,B,verified,"देहरादून में 4,369 पेड़, रोके गए लोगों ने","4,369 trees in Dehradun, stopped by residents","देहरादून के सात मोड़ पर ₹743 करोड़ की सड़क परियोजना के लिए 4,369 पेड़ काटे जाने थे। स्थानीय लोगों के विरोध के बाद कटान रुका। सवाल यह है कि इस परियोजना की मंज़ूरी से पहले कोई सार्वजनिक सुनवाई हुई थी या नहीं, और उसका रिकॉर्ड कहाँ है?","A Rs 743 crore road project at Saat Mod in Dehradun required 4,369 trees to be felled. The felling was halted after residents protested. Was any public consultation held before the project was cleared, and where is the record of it?",RTI-16,https://70sawal.github.io/q/46/,"Down To Earth: Residents, activists converge on Saat Mod in Dehradun, as authorities prepare to fell 4,369 trees <https://www.downtoearth.org.in/forests/residents-activists-converge-on-saat-mod-in-dehradun-as-authorities-prepare-to-fell-4369-trees> | The Better India: Dehradun residents halt felling of 4,369 trees for Rs 743-crore project <https://thebetterindia.com/changemakers/saat-mod-dehradun-tree-felling-protest-halted-12194201>"
37,47,,ucc,B,verified,दस दिन में सिर्फ़ एक लिव-इन पंजीकरण,One live-in registration in ten days,"समान नागरिक संहिता जनवरी 2025 में लागू हुई। लागू होने के पहले दस दिनों में पूरे राज्य से सिर्फ़ एक लिव-इन रिश्ता पंजीकृत हुआ। इतना बड़ा क़ानूनी ढाँचा, इतनी बड़ी घोषणा, और नतीजा एक? यह क़ानून किस समस्या को हल करने के लिए बना था?","The Uniform Civil Code came into force in January 2025. In its first ten days, exactly one live-in relationship was registered in the entire state. A legal framework and an announcement of that scale, and a result of one. Which problem was this law built to solve?",RTI-10,https://70sawal.github.io/q/47/,"Deccan Herald: Only one live-in relationship registered in 10 days after UCC implementation in Uttarakhand <https://www.deccanherald.com/india/uttarakhand/only-one-live-in-relationship-registered-in-10-days-after-ucc-implementation-in-uttarakhand-3390741> | The India Forum: Uttarakhand Uniform Civil Code: Excessive Bureaucracy, Few Rights <https://www.theindiaforum.in/law/uttarakhand-uniform-civil-code-excessive-bureaucracy-few-rights>"
37.1,48,47,ucc,B,verified,पंजीकरण न कराया तो छह महीने की जेल,Six months in jail for not registering,"UCC के तहत लिव-इन रिश्ते को शुरू करते और ख़त्म करते, दोनों वक़्त पंजीकृत कराना अनिवार्य है, और ऐसा न करने पर छह महीने तक की जेल का प्रावधान है। यह नियम उत्तराखंड के उन निवासियों पर भी लागू है जो राज्य के बाहर रहते हैं। आज तक इस प्रावधान के तहत कितने मुक़दमे दर्ज हुए?","Under the UCC, registering a live-in relationship is mandatory both when it begins and when it ends, with a jail term of up to six months for failing to do so, and the requirement extends to Uttarakhand residents living outside the state. How many prosecutions have been brought under that provision to date?",RTI-10,https://70sawal.github.io/q/47/,"The India Forum: Uttarakhand Uniform Civil Code: Excessive Bureaucracy, Few Rights <https://www.theindiaforum.in/law/uttarakhand-uniform-civil-code-excessive-bureaucracy-few-rights> | Citizens for Justice and Peace: The Uniform Civil Code of Uttarakhand: advancement in gender justice or violating individual liberties? <https://cjp.org.in/the-uniform-civil-code-ucc-of-uttarakhand-advancement-in-gender-justice-or-violating-individual-liberties/>"
37.2,50,47,ucc,B,verified,एक साल में ही संहिता बदलनी पड़ी,The code had to be amended within a year,"जनवरी 2025 में लागू हुई संहिता में जनवरी 2026 तक संशोधन अध्यादेश लाना पड़ा और लिव-इन तथा विवाह पंजीकरण के नियम बदलने पड़े। यानी एक साल के भीतर ही क़ानून में सुधार की ज़रूरत पड़ गई। जो क़ानून इतनी जल्दी बदलना पड़े, वो तैयार कितना था?","A code that came into force in January 2025 required an amendment ordinance by January 2026, revising the rules on live-in and marriage registration. The law needed fixing within a year of commencement. How ready was it when it was passed?",,https://70sawal.github.io/q/47/,"News on AIR (Prasar Bharati): Uttarakhand govt implements the UCC (Amendment) Ordinance, 2026 <https://www.newsonair.gov.in/uttarakhand-govt-implements-the-ucc-amendment-ordinance-2026> | The Federal: Uttarakhand revises UCC norms on live-in and marriage registration <https://thefederal.com/category/states/north/uttarakhand/uttarakhand-revises-ucc-norms-on-live-in-and-marriage-registration-212129>"
38,49,,ucc,B,verified,'समान' संहिता से अनुसूचित जनजातियाँ बाहर,Scheduled Tribes excluded from the 'uniform' code,"उत्तराखंड की समान नागरिक संहिता से अनुसूचित जनजातियों को बाहर रखा गया है। अगर संहिता सबके लिए एक जैसी नहीं है, तो उसे 'समान' किस आधार पर कहा जा रहा है?","Scheduled Tribes are excluded from Uttarakhand's Uniform Civil Code. If the code does not apply uniformly to everyone, on what basis is it being called uniform?",,https://70sawal.github.io/q/49/,"Citizens for Justice and Peace: The Uniform Civil Code of Uttarakhand: advancement in gender justice or violating individual liberties? <https://cjp.org.in/the-uniform-civil-code-ucc-of-uttarakhand-advancement-in-gender-justice-or-violating-individual-liberties/> | The India Forum: Uttarakhand Uniform Civil Code: Excessive Bureaucracy, Few Rights <https://www.theindiaforum.in/law/uttarakhand-uniform-civil-code-excessive-bureaucracy-few-rights>"
39,51,,tourism,B,verified,"51 लाख यात्री, क्षमता का अध्ययन कहाँ?",51 lakh pilgrims. Where is the capacity study?,"2024 में 48 लाख से ज़्यादा और 2025 में 51 लाख से ज़्यादा श्रद्धालु चारधाम आए। हर साल 'रिकॉर्ड संख्या' की घोषणा होती है। लेकिन इन रास्तों, इन क़स्बों, इन पहाड़ों की क्षमता कितनी है, क्या इसका कोई वैज्ञानिक अध्ययन हुआ है, और उसकी रिपोर्ट कहाँ है?","More than 48 lakh pilgrims came to the Char Dham in 2024 and over 51 lakh in 2025. Every year a 'record number' is announced. But what are these roads, these towns and these mountains actually able to carry, has any scientific carrying-capacity study been done, and where is its report?",RTI-11,https://70sawal.github.io/q/51/,"Garhwal Post: Char Dham Yatra 2025: SDC Foundation urges government to shift focus from record numbers to a safe, sustainable Yatra <https://garhwalpost.in/urges-govt-to-shift-focus-from-record-numbers-to-safe-sustainable-yatra/> | Garhwal Post: Char Dham Yatra 2025 pilgrim numbers — SDC Foundation analysis <https://garhwalpost.in/char-dham-yatra-2025-continues-with-decline-in-pilgrim-numbers-sdc-foundation/>"
40,52,,tourism,B,verified,एक हफ़्ते में 5.47 लाख यात्री,5.47 lakh pilgrims in a single week,"2025 की यात्रा में 72% श्रद्धालु पहले 60 दिनों में ही आ गए, और 4 से 10 जून के एक हफ़्ते में 5.47 लाख लोग पहुँचे, पूरे सीज़न का 11% सिर्फ़ एक हफ़्ते में। भीड़ का यह दबाव सरकार को पहले से पता है। उस एक हफ़्ते के लिए अतिरिक्त डॉक्टर, एम्बुलेंस और पार्किंग की व्यवस्था कितनी थी?","In the 2025 yatra, 72% of pilgrims arrived in the first 60 days, and 5.47 lakh came in the single week of 4–10 June, 11% of the entire season in one week. The government knows this surge pattern in advance. How many additional doctors, ambulances and parking spaces were provided for that week?",RTI-11,https://70sawal.github.io/q/52/,"Garhwal Post: Char Dham Yatra 2025 pilgrim numbers — SDC Foundation analysis <https://garhwalpost.in/char-dham-yatra-2025-continues-with-decline-in-pilgrim-numbers-sdc-foundation/> | Garhwal Post: Char Dham Yatra 2025: SDC Foundation urges government to shift focus from record numbers to a safe, sustainable Yatra <https://garhwalpost.in/urges-govt-to-shift-focus-from-record-numbers-to-safe-sustainable-yatra/>"
41,53,,tourism,C,verified,यात्रा की कमाई का कितना हिस्सा पहाड़ में रुका?,How much yatra revenue stayed in the hills?,"हर साल लाखों श्रद्धालु आते हैं और यात्रा से बड़ी आमदनी होती है। लेकिन उस आमदनी का कितना हिस्सा पहाड़ के लोगों के पास रुकता है, कितने स्थानीय लोगों को रोज़गार मिला, और कितने होमस्टे वाक़ई चल रहे हैं?","Lakhs of pilgrims come every year and the yatra generates substantial revenue. But how much of that money actually stays with people in the hills, how many locals were employed, and how many homestays are genuinely operating?",RTI-11,https://70sawal.github.io/q/53/,"Garhwal Post: Char Dham Yatra 2025: shift focus from record numbers to a safe, sustainable yatra <https://garhwalpost.in/urges-govt-to-shift-focus-from-record-numbers-to-safe-sustainable-yatra/>"
42,54,,women-safety,B,verified,"महिलाओं के ख़िलाफ़ अपराध: 2,846 से 4,337","Crimes against women: from 2,846 to 4,337","राष्ट्रीय अपराध रिकॉर्ड ब्यूरो (NCRB) की 'क्राइम इन इंडिया 2022' रिपोर्ट के मुताबिक उत्तराखंड में महिलाओं के ख़िलाफ़ अपराध के मामले 2020 में 2,846 से बढ़कर 2021 में 3,431 और 2022 में 4,337 हो गए। ये सरकार के अपने आँकड़े हैं। इन तीन सालों में महिला सुरक्षा पर कौन सी ठोस योजना लागू हुई?","According to the NCRB's Crime in India 2022 report, cases of crime against women in Uttarakhand rose from 2,846 in 2020 to 3,431 in 2021 and 4,337 in 2022. These are the government's own figures. Which concrete women's safety programme was implemented across those three years?",RTI-10,https://70sawal.github.io/q/54/,News9: Crime against women on the rise in Uttarakhand: NCRB report <https://www.news9live.com/india/crime-against-women-on-the-rise-in-uttarakhand-ncrb-report-2369027>
42.1,57,54,women-safety,B,verified,"होटल, ढाबे, होमस्टे: सुरक्षा जाँच कितनी हुई?","Hotels, dhabas, homestays: how many were inspected?","पहाड़ में हज़ारों महिलाएँ होटलों, रिज़ॉर्ट, ढाबों और होमस्टे में काम करती हैं, यही यहाँ का सबसे बड़ा रोज़गार है। NCRB के आँकड़े बताते हैं कि महिलाओं के ख़िलाफ़ अपराध बढ़े हैं। इन कार्यस्थलों पर पंजीकरण, शिकायत समिति और सुरक्षा जाँच की व्यवस्था क्या है, और कितने प्रतिष्ठानों की जाँच हुई?","Thousands of women in the hills work in hotels, resorts, dhabas and homestays, it is the largest source of employment here. NCRB data shows crimes against women rising. What registration, complaint-committee and safety-inspection system exists for those workplaces, and how many establishments have actually been inspected?",RTI-10,https://70sawal.github.io/q/54/,"News9: Crime against women on the rise in Uttarakhand: NCRB report <https://www.news9live.com/india/crime-against-women-on-the-rise-in-uttarakhand-ncrb-report-2369027> | Garhwal Post: Char Dham Yatra 2025: SDC Foundation urges government to shift focus from record numbers to a safe, sustainable Yatra <https://garhwalpost.in/urges-govt-to-shift-focus-from-record-numbers-to-safe-sustainable-yatra/>"
43,55,,women-safety,B,verified,बलात्कार के मामलों की दर देश में सबसे ऊँची,The highest rate of rape cases in the country,"NCRB के 2022 के आँकड़ों के अनुसार उत्तराखंड में बलात्कार के मामलों की दर देश में सबसे ऊँची दर्ज हुई, प्रति लाख आबादी 15.4। उसी साल राज्य में 905 बलात्कार के मामले, 70 दहेज हत्याएँ और 956 क्रूरता के मामले दर्ज हुए। जिसे देवभूमि कहा जाता है, वहाँ यह आँकड़ा क्यों?","NCRB data for 2022 records Uttarakhand with the highest rate of rape cases in the country, 15.4 per lakh population. That same year the state recorded 905 rape cases, 70 dowry deaths and 956 cases of cruelty. Why does the place called Devbhoomi carry that number?",RTI-10,https://70sawal.github.io/q/55/,News9: Crime against women on the rise in Uttarakhand: NCRB report <https://www.news9live.com/india/crime-against-women-on-the-rise-in-uttarakhand-ncrb-report-2369027>
44,56,,women-safety,A,verified,"अदालत ने 'वीआईपी' दर्ज किया, पहचान कौन?",The court recorded a 'VIP'. Who was it?,"अंकिता भंडारी हत्याकांड में कोटद्वार की अदालत ने तीनों अभियुक्तों को उम्रक़ैद की सज़ा सुनाई. अदालत ने अपने फ़ैसले में हत्या का कारण यह दर्ज किया कि 'वीआईपी' को विशेष सेवाएँ देने से इनकार किया गया था. जनवरी 2026 में अंकिता के माता-पिता की माँग पर राज्य सरकार ने मामले की CBI जाँच की सिफ़ारिश की. सवाल अदालत के अपने शब्दों से निकलता है: वह वीआईपी कौन था, और क्या आज तक उसकी पहचान कर जाँच की गई?","In the Ankita Bhandari case the court at Kotdwar sentenced all three accused to life imprisonment. In its judgment the court recorded the motive as a refusal to provide special services to a 'VIP'. In January 2026, at her parents' request, the state government recommended a CBI inquiry. The question comes from the court's own words: who was that VIP, and has that person ever been identified and investigated?",,https://70sawal.github.io/q/56/,Deccan Herald: Ankita Bhandari murder case: resort operator among three sentenced to rigorous life imprisonment <https://www.deccanherald.com/amp/story/india%2Futtarakhand%2Fankita-bhandari-murder-case-resort-operator-among-three-sentenced-to-rigorous-life-imprisonment-3564231> | News on AIR (Prasar Bharati): Uttarakhand govt recommends CBI inquiry into Ankita Bhandari case <https://www.newsonair.gov.in/uttarakhand-govt-recommends-cbi-inquiry-into-ankita-bhandari-case> | Peoples Democracy: Uttarakhand: struggle continues in the Ankita Bhandari murder case <https://peoplesdemocracy.in/2026/0118_pd/uttarakhand-struggle-continues-ankita-bhandari-murder-case>
45,59,,governance,A,verified,स्मार्ट सिटी में ₹60 करोड़ से ज़्यादा की अनियमितताएँ,Over Rs 60 crore in irregularities in the Smart City project,"देहरादून स्मार्ट सिटी परियोजना पर CAG की रिपोर्ट (2018-23 की अवधि, मार्च 2026 में सदन में रखी गई) में ₹60 करोड़ से ज़्यादा की वित्तीय अनियमितताएँ दर्ज हैं. सिर्फ़ परामर्श भुगतान (PMC) में ₹5.19 करोड़ की अनियमितता पाई गई. यह पैसा किस-किस काम पर गया, और अब तक कितना वसूला गया?","The CAG's report on the Dehradun Smart City project, covering 2018-23 and tabled in March 2026, records financial irregularities of over Rs 60 crore, including Rs 5.19 crore in project management consultancy payments alone. Which works did that money go to, and how much has been recovered?",RTI-12,https://70sawal.github.io/q/59/,"Comptroller and Auditor General of India: CAG Report No. 5 of 2025: Smart Cities, Uttarakhand (official PDF) <https://cag.gov.in/uploads/download_audit_report/2025/Report-No.-05-Smart-Cities-UK---19-11-2025-signed-069b02aa24e1a16.54541284.pdf> | The Statesman: CAG flags irregularities worth Rs 60 crore in Dehradun Smart City Project <https://www.thestatesman.com/india/cag-plugs-irregularities-worth-rs-60-crore-in-dehradun-smart-city-project-1503569019.html>"
45.1,60,59,governance,A,verified,स्मार्ट सिटी के आठ काम 19 से 38 महीने देर से,Eight Smart City works ran 19 to 38 months late,"CAG के मुताबिक स्मार्ट सिटी की आठ परियोजनाएँ 19 से 38 महीने तक देर से पूरी हुईं. बड़ी वजह यह बताई गई कि साइट ही अड़चन-मुक्त नहीं थी. जिस परियोजना की जगह तय नहीं थी, उसका पैसा पहले क्यों मंज़ूर हुआ?","The CAG records eight Smart City projects completed 19 to 38 months late, largely because the sites were not encumbrance-free. Why was money sanctioned for projects whose sites were not ready?",RTI-12,https://70sawal.github.io/q/59/,"Comptroller and Auditor General of India: CAG Report No. 5 of 2025: Smart Cities, Uttarakhand (official PDF) <https://cag.gov.in/uploads/download_audit_report/2025/Report-No.-05-Smart-Cities-UK---19-11-2025-signed-069b02aa24e1a16.54541284.pdf> | The Statesman: CAG flags irregularities worth Rs 60 crore in Dehradun Smart City Project <https://www.thestatesman.com/india/cag-plugs-irregularities-worth-rs-60-crore-in-dehradun-smart-city-project-1503569019.html>"
45.2,95,59,governance,A,verified,"ई-रिक्शा ख़रीदे गए, चले कभी नहीं","E-rickshaws bought, never run",स्मार्ट सिटी के तहत कूड़ा ढोने के लिए ख़रीदे गए ई-रिक्शा क़रीब दो साल तक खड़े रहे। CAG इसे योजना की कमी बताता है और ख़र्च ₹0.90 करोड़ दर्ज करता है। सवाल यह है कि ख़रीदने से पहले यह क्यों नहीं देखा गया कि ये कहाँ और कैसे चलेंगे?,E-rickshaws procured under the smart waste vehicles project stood idle for nearly two years. The CAG records the cost as Rs 0.90 crore and attributes the outcome to a lack of planning. Why was it not established before purchase where and how these vehicles would actually be used?,RTI-12,https://70sawal.github.io/q/59/,"Comptroller and Auditor General of India: Report No. 5 of 2025, Performance Audit of Smart Cities Mission, Uttarakhand (covers 2018-23) <https://cag.gov.in/uploads/download_audit_report/2025/Report-No.-05-Smart-Cities-UK---19-11-2025-signed-069b02aa24e1a16.54541284.pdf>"
46,61,,governance,A,verified,"₹4.55 करोड़ का सिस्टम बना, तीन साल तक चला ही नहीं",A Rs 4.55 crore system was built and sat unused for three years,"मार्च 2022 में कूड़ा प्रबंधन के लिए बायोमेट्रिक और सेंसर आधारित सिस्टम बनाया गया. CAG के मुताबिक फरवरी 2025 तक वह इस्तेमाल ही नहीं हुआ, और ₹4.55 करोड़ का ख़र्च बेकार गया. जो सिस्टम चला ही नहीं, उसका पैसा किसने मंज़ूर किया?","A biometric and sensor-based solid waste management module was built in March 2022. The CAG records that it remained unused until February 2025, making Rs 4.55 crore of expenditure unfruitful. Who signed off on a system that was never switched on?",RTI-12,https://70sawal.github.io/q/61/,"Comptroller and Auditor General of India: CAG Report No. 5 of 2025: Smart Cities, Uttarakhand (official PDF) <https://cag.gov.in/uploads/download_audit_report/2025/Report-No.-05-Smart-Cities-UK---19-11-2025-signed-069b02aa24e1a16.54541284.pdf>"
47,62,,palayan,B,verified,"जिस पलायन को रोकने के लिए राज्य बना, वही बढ़ गया",The state was created to stop migration. Migration grew.,"उत्तराखंड 2000 में इसीलिए अलग राज्य बना क्योंकि पहाड़ के लोगों को लगता था कि लखनऊ से चलने वाली सरकारें उन्हें अनदेखा करती हैं. पच्चीस साल बाद विकास मुख्यतः मैदानी ज़िलों में केंद्रित है और पहाड़ी ज़िलों से पलायन राज्य बनने के बाद और तेज़ हुआ. जिस मक़सद से राज्य बना, वह पूरा हुआ या नहीं?","Uttarakhand was created as a separate state in 2000 because people in the hills felt neglected by governments run from Lucknow. Twenty-five years on, growth is concentrated in the plains districts and out-migration from the hills has accelerated since statehood. Was the purpose the state was created for achieved?",,https://70sawal.github.io/q/62/,Wikipedia: Uttarakhand movement: the statehood demand and the 1987 Gairsain Declaration <https://en.wikipedia.org/wiki/Uttarakhand_movement>
48,63,,vaada,B,verified,1987 में गैरसैंण को राजधानी घोषित किया गया था,Gairsain was declared the capital in 1987,"1987 के 'गैरसैंण घोषणापत्र' में उत्तराखंड क्रांति दल ने प्रस्तावित राज्य की राजधानी गैरसैंण घोषित की थी. राज्य बनने पर देहरादून को अस्थायी राजधानी बनाया गया. अड़तीस साल बाद भी स्थायी राजधानी देहरादून ही है. यह वादा किस-किस सरकार ने दोहराया, और किसी ने पूरा क्यों नहीं किया?","The 1987 Gairsain Declaration by the Uttarakhand Kranti Dal named Gairsain as the capital of the proposed state. On statehood, Dehradun was made the interim capital. Thirty-eight years later the permanent capital is still Dehradun. Which governments repeated this promise, and why has none delivered it?",,https://70sawal.github.io/q/63/,Wikipedia: Uttarakhand movement: the statehood demand and the 1987 Gairsain Declaration <https://en.wikipedia.org/wiki/Uttarakhand_movement>
49,64,,governance,B,verified,डबल इंजन के सबूत के तौर पर जो परियोजनाएँ गिनाई गईं,The projects cited as proof of the double engine,"जुलाई 2026 में पाँच साल पूरे होने पर मुख्यमंत्री ने 'डबल इंजन सरकार' का श्रेय देते हुए जो काम गिनाए, उनमें चारधाम ऑल-वेदर रोड, ऋषिकेश-कर्णप्रयाग रेल लाइन और एम्स का सैटेलाइट सेंटर शामिल थे. इनमें से चारधाम हाईवे का वादा दिसंबर 2022 तक पूरा करने का था, और उसकी सिलक्यारा सुरंग अब 2027 में खुलने की बात है. बाकी परियोजनाओं की तय तारीख़ और मौजूदा स्थिति क्या है?","Marking five years in office in July 2026, the Chief Minister credited the 'double-engine government' and cited the Char Dham all-weather road, the Rishikesh-Karnaprayag rail line and an AIIMS satellite centre. The Char Dham highway was promised complete by December 2022, and the Silkyara tunnel on it is now expected to open in 2027. What are the original deadlines and current status of the others?",,https://70sawal.github.io/q/64/,"ANI: Dhami completes five years in office, credits PM Modi and 'double-engine govt' <https://aninews.in/news/national/politics/uttarakhand-cm-dhami-completes-five-years-in-office-credits-pm-modi-double-engine-govt-for-states-progress20260704091838/>"
50,65,,rozgaar,B,verified,बेरोज़गारी दर 14.2% से 9.8%. फिर भी हर घर से कोई बाहर,Unemployment fell from 14.2% to 9.8%. Every home still has someone outside.,"आवधिक श्रम बल सर्वेक्षण के अनुसार उत्तराखंड में बेरोज़गारी दर 2022-23 के 14.2% से घटकर 2023-24 में 9.8% रह गई. गिरावट असली है और इसे मानना चाहिए. सवाल यह है कि इनमें से कितनों को राज्य के भीतर काम मिला, और कितने काम के लिए राज्य से बाहर चले गए?","The Periodic Labour Force Survey records Uttarakhand's unemployment rate falling from 14.2% in 2022-23 to 9.8% in 2023-24. The fall is real and should be acknowledged. The question is how many of those people found work inside the state, and how many left it to find work.",RTI-02,https://70sawal.github.io/q/65/,"PIB / MoSPI: Periodic Labour Force Survey: key employment and unemployment indicators, 2024 <https://www.pib.gov.in/PressReleaseIframePage.aspx?PRID=2120359&reg=3&lang=2>"
51,66,,governance,A,verified,पच्चीस साल में राज्य ने क्या हासिल किया,What the state achieved in twenty-five years,"राज्य 2000 में बना. आज पहाड़ के नौ ज़िलों में 70% विशेषज्ञ डॉक्टर के पद ख़ाली हैं, 1,400 स्कूलों में एक भी बच्चा नहीं है, 1,700 से ज़्यादा गाँव खाली हो चुके हैं, और स्थायी राजधानी अब भी देहरादून है. पच्चीस साल में हर पार्टी ने सरकार चलाई है. सवाल किसी एक से नहीं, सबसे है.","The state was formed in 2000. Today 70% of specialist doctor posts in the nine hill districts are vacant, 1,400 schools have no children, more than 1,700 villages stand empty, and the permanent capital is still Dehradun. Every party has governed in those twenty-five years. This question is not for one of them, it is for all of them.",,https://70sawal.github.io/q/66/,"Wikipedia: Uttarakhand movement: the statehood demand and the 1987 Gairsain Declaration <https://en.wikipedia.org/wiki/Uttarakhand_movement> | Comptroller and Auditor General of India: CAG Report No. 5 of 2025: Smart Cities, Uttarakhand (official PDF) <https://cag.gov.in/uploads/download_audit_report/2025/Report-No.-05-Smart-Cities-UK---19-11-2025-signed-069b02aa24e1a16.54541284.pdf>"
52,67,,tourism,A,verified,"खराब मौसम में उड़ान भरी, सात लोगों की जान गई",A flight took off in poor weather. Seven people died.,"15 जून 2025 को केदारनाथ से गुप्तकाशी जा रहा एक हेलीकॉप्टर खराब दृश्यता में दुर्घटनाग्रस्त हो गया. सवार सातों लोगों की मौत हो गई. शुरुआती संकेत यह थे कि खराब मौसम के बावजूद उड़ान भरी गई. सवाल यह है कि हादसे से पहले मौसम की जाँच और उड़ान की अनुमति की व्यवस्था क्या थी, और उसे किसने लागू किया?","On 15 June 2025 a helicopter flying from Kedarnath to Guptkashi crashed in poor visibility, killing all seven on board. Preliminary indications were that it was airborne despite poor weather. What weather-check and flight-clearance system existed before the crash, and who enforced it?",RTI-11,https://70sawal.github.io/q/67/,"PIB, Government of India: Helicopter accident in the Kedarnath sector <https://www.pib.gov.in/PressReleasePage.aspx?PRID=2136457> | Business Standard: DGCA curbs Char Dham helicopter operations after Kedarnath crash, reviews safety <https://www.business-standard.com/industry/aviation/dgca-curbs-char-dham-helicopter-ops-post-kedarnath-crash-reviews-safety-125061500198_1.html>"
52.1,68,67,tourism,A,verified,दो और पायलट उसी तरह के मौसम में उड़ रहे थे,Two more pilots were flying in the same conditions,"हादसे के बाद नागरिक उड्डयन मंत्रालय ने एक कंपनी का चारधाम संचालन निलंबित किया और DGCA को केदारनाथ घाटी में अधिकारी तैनात करने को कहा. साथ ही एक दूसरी कंपनी के दो पायलटों के लाइसेंस छह महीने के लिए निलंबित किए गए, क्योंकि उनके हेलीकॉप्टर भी उसी तरह के अनुपयुक्त मौसम में उड़ते पाए गए. यानी यह अकेली चूक नहीं थी. निगरानी कहाँ थी?","After the crash the Civil Aviation Ministry suspended one operator's Char Dham operations and ordered DGCA officers posted in the Kedarnath valley. It also suspended the licences of two pilots of a second operator for six months, their aircraft having been found airborne in similarly unsuitable weather. So this was not a single lapse. Where was the oversight?",RTI-11,https://70sawal.github.io/q/67/,"Business Standard: DGCA curbs Char Dham helicopter operations after Kedarnath crash, reviews safety <https://www.business-standard.com/industry/aviation/dgca-curbs-char-dham-helicopter-ops-post-kedarnath-crash-reviews-safety-125061500198_1.html>"
52.2,72,67,tourism,A,verified,हर साल रिकॉर्ड भीड़. सुरक्षा का हिसाब कहाँ है?,Record crowds every year. Where is the safety account?,"2024 में 48 लाख और 2025 में 51 लाख से ज़्यादा श्रद्धालु चारधाम आए, और हर साल रिकॉर्ड संख्या की घोषणा होती है. उसी 2025 में एक हेलीकॉप्टर हादसे में सात लोगों की जान गई और दो अन्य पायलटों के लाइसेंस निलंबित करने पड़े. भीड़ का रिकॉर्ड हर साल गिना जाता है. सुरक्षा का हिसाब कहाँ दर्ज होता है?","Over 48 lakh pilgrims came to the Char Dham in 2024 and more than 51 lakh in 2025, and a record is announced every year. In that same 2025 a helicopter crash killed seven and the licences of two other pilots had to be suspended. The crowd record is counted every year. Where is the safety record kept?",RTI-11,https://70sawal.github.io/q/67/,"PIB, Government of India: Helicopter accident in the Kedarnath sector <https://www.pib.gov.in/PressReleasePage.aspx?PRID=2136457> | Business Standard: DGCA curbs Char Dham helicopter operations after Kedarnath crash, reviews safety <https://www.business-standard.com/industry/aviation/dgca-curbs-char-dham-helicopter-ops-post-kedarnath-crash-reviews-safety-125061500198_1.html>"
53,69,,environment,B,verified,NGT ने कहा: नदियों का वर्गीकरण करके क्रशर लगाना अवैध,NGT: classifying rivers to allow stone crushers is illegal,"राष्ट्रीय हरित अधिकरण ने कहा कि उत्तराखंड सरकार का नदियों को वर्गीकृत करके स्टोन क्रशर लगाने का तरीक़ा NGT अधिनियम का उल्लंघन करता है. सवाल यह है कि उस आदेश के बाद कितने क्रशरों की अनुमति रद्द हुई, और कितने आज भी चल रहे हैं?","The National Green Tribunal held that the Uttarakhand government's practice of classifying rivers in order to permit stone crushers violates the NGT Act. How many crusher permissions were cancelled after that order, and how many are still operating?",RTI-13,https://70sawal.github.io/q/69/,India Water Portal: Classifying rivers for setting up stone crushers is illegal: NGT to Uttarakhand government <https://www.indiawaterportal.org/articles/classifying-rivers-setting-stone-crushers-illegal-ngt-uttarakhand-government>
54,70,,environment,B,verified,सरकारी निगम पर ही अवैध खनन का जुर्माना,A state corporation itself was fined for illegal mining,"रिपोर्टों के मुताबिक उत्तराखंड वन विकास निगम पर नदी तल में NGT की रोक का उल्लंघन कर खनन करने के मामले में अवमानना की कार्रवाई हुई और दस करोड़ रुपये से ज़्यादा का जुर्माना लगा. जब सरकार का अपना निगम ही नियम तोड़ता पाया जाए, तो निजी खनन पर निगरानी कौन करेगा?","According to reports, the Uttarakhand Forest Development Corporation faced contempt proceedings for riverbed mining in violation of an NGT ban and was fined over Rs 10 crore. When the state's own corporation is found breaking the rule, who is policing private mining?",RTI-13,https://70sawal.github.io/q/70/,National Herald: Uttarakhand: the crores in the river <https://www.nationalheraldindia.com/india/uttarakhand-the-crores-in-the-river> | The Reporters' Collective: Uttarakhand outsources policing and royalty collection from riverbed miners to private players <https://www.reporters-collective.in/trc/uttarakhand-violates-sc-orders-on-river-mining>
55,73,,budget,B,verified,"शराब से कमाई का लक्ष्य दो साल में ₹4,000 से ₹5,060 करोड़","The liquor revenue target went from Rs 4,000 to Rs 5,060 crore in two years","2023-24 में आबकारी से ₹4,000 करोड़ के लक्ष्य के मुक़ाबले लगभग ₹4,039 करोड़ मिले. 2025-26 के लिए लक्ष्य बढ़ाकर ₹5,060 करोड़ कर दिया गया. उसी दौर में CAG कहता है कि पहाड़ के नौ ज़िलों में विशेषज्ञ डॉक्टर के 70% पद ख़ाली हैं. शराब से कमाई का लक्ष्य हर साल बढ़ता है. पहाड़ में डॉक्टर के पद भरने का लक्ष्य क्या है?","Against a target of Rs 4,000 crore in 2023-24, excise brought in about Rs 4,039 crore. The target for 2025-26 was raised to Rs 5,060 crore. Over the same period the CAG records 70% of specialist doctor posts vacant across nine hill districts. The liquor revenue target rises every year. What is the target for filling doctor posts in the hills?",,https://70sawal.github.io/q/73/,"Business Standard: Uttarakhand approves new excise policy, sets revenue target of Rs 4,440 crore <https://www.business-standard.com/india-news/u-khand-govt-approves-new-excise-policy-sets-revenue-target-of-rs-4-440-cr-124021401879_1.html> | ANI: Uttarakhand Cabinet approves new Excise Policy 2025 <https://aninews.in/news/national/general-news/uttarakhand-cabinet-approves-new-excise-policy-202520250303170903/>"
55.1,74,73,governance,B,verified,धार्मिक स्थलों के पास दुकानें बंद करने की घोषणा हुई थी,Shops near religious places were to be closed,"मार्च 2025 में मंज़ूर हुई नई आबकारी नीति में कहा गया था कि धार्मिक स्थलों के पास शराब की दुकानें बंद की जाएँगी और उप-दुकानें ख़त्म होंगी. घोषणा के बाद कितनी दुकानें वास्तव में बंद हुईं, और कितनी जगह लाइसेंस दूसरी जगह स्थानांतरित कर दिए गए?","The excise policy approved in March 2025 said liquor shops near religious places would be closed and sub-shops abolished. How many shops actually closed after that announcement, and in how many cases was the licence simply moved elsewhere?",,https://70sawal.github.io/q/73/,ANI: Uttarakhand Cabinet approves new Excise Policy 2025 <https://aninews.in/news/national/general-news/uttarakhand-cabinet-approves-new-excise-policy-202520250303170903/>
56,76,,budget,A,verified,कमाई का लक्ष्य तय होता है. भरने का लक्ष्य नहीं.,There is a target for earning. There is none for filling posts.,"आबकारी से कमाई का लक्ष्य हर साल तय होता है, आँकड़े के साथ, तारीख़ के साथ. डॉक्टरों के ख़ाली पद, बंद स्कूल और खाली गाँवों के लिए ऐसा कोई लक्ष्य सार्वजनिक रूप से तय नहीं होता. जिस चीज़ का लक्ष्य तय होता है, वह पूरी होती है. सवाल यह है कि लक्ष्य किन चीज़ों का तय किया जाता है?","A revenue target for excise is set every year, with a figure and a deadline. No comparable public target exists for filling vacant doctor posts, reopening closed schools, or repopulating empty villages. What gets a target tends to get done. The question is what gets a target.",,https://70sawal.github.io/q/76/,"Business Standard: Uttarakhand approves new excise policy, sets revenue target of Rs 4,440 crore <https://www.business-standard.com/india-news/u-khand-govt-approves-new-excise-policy-sets-revenue-target-of-rs-4-440-cr-124021401879_1.html> | Comptroller and Auditor General of India: CAG Report No. 3 of 2024: Public Health Infrastructure and Management of Health Services, Uttarakhand <https://cag.gov.in/webroot/uploads/download_audit_report/2024/Report-No.-3-of-2024_PA-on-PHIMHS-GoUK_English-067b7164ba564a0.20810756.pdf>"
57,77,,rozgaar,B,verified,बाहर पेपर लीक. अंदर 250 से ज़्यादा पिछले दरवाज़े की भर्तियाँ.,Papers leaking outside. Over 250 backdoor appointments inside.,"2022 में विधानसभा सचिवालय में हुई भर्तियों की जाँच के लिए तीन सदस्यीय समिति बनी. रिपोर्ट के बाद विधानसभा अध्यक्ष ने 250 से ज़्यादा नियुक्तियाँ रद्द कीं और सचिव को अवकाश पर भेजकर उनका कार्यालय सील कर दिया गया. उसी दौर में बाहर भर्ती परीक्षाओं के पेपर लीक हो रहे थे और छात्र सड़क पर थे. सवाल: वे नियुक्तियाँ किसकी सिफ़ारिश पर हुईं, और कितनों पर कार्रवाई हुई?","In 2022 a three-member committee was constituted to examine recruitment in the Assembly Secretariat. Following its report the Speaker cancelled more than 250 appointments, sent the Secretary on leave and sealed his office. Over the same period recruitment exam papers were leaking outside and students were on the streets. On whose recommendation were those appointments made, and how many people faced action?",RTI-06,https://70sawal.github.io/q/77/,"Amar Ujala: जांच समिति की रिपोर्ट के बाद विधानसभा अध्यक्ष ने रद्द कीं नियुक्तियां, सचिव निलंबित <https://www.amarujala.com/dehradun/uttarakhand-assembly-backdoor-recruitment-investigation-report-disclosed-speaker-ritu-khanduri-pressconference> | Outlook India: Three-member panel to probe recruitment at Assembly Secretariat since creation of the state <https://www.outlookindia.com/national/uttarakhand-three-member-panel-to-probe-recruitment-at-assembly-secretariat-since-creation-of-state-news-220936>"
58,78,,governance,B,verified,"जाँच का दूसरा हिस्सा, 2000 से 2011, कहाँ पहुँचा?","What happened to the second half of the probe, 2000 to 2011?","समिति का दायरा राज्य बनने के बाद से हुई सभी भर्तियों तक था. पहले चरण में 2012 से 2022 की भर्तियाँ देखी गईं. 2000 से 2011 का चरण कहाँ पहुँचा, उसकी रिपोर्ट कब आई, और उसमें क्या निकला? इसी मामले में उच्च न्यायालय के आदेश के बाद आगे क्या हुआ?","The committee's remit covered all recruitment since the state was created. The first phase examined 2012 to 2022. What happened to the 2000 to 2011 phase, when did it report, and what did it find? And what followed the High Court's order in the same matter?",RTI-06,https://70sawal.github.io/q/78/,Outlook India: Three-member panel to probe recruitment at Assembly Secretariat since creation of the state <https://www.outlookindia.com/national/uttarakhand-three-member-panel-to-probe-recruitment-at-assembly-secretariat-since-creation-of-state-news-220936> | ETV Bharat: विधानसभा बैक डोर भर्ती: हाईकोर्ट के आदेश के बाद सरकार ने साधी चुप्पी <https://www.etvbharat.com/hindi/uttarakhand/state/dehradun/after-uttarakhand-high-court-verdict-government-on-back-foot-in-assembly-backdoor-recruitment-case/uttarakhand20221017201350224224516>
59,79,,governance,B,verified,"एक कानून बना, दो साल में वापस ले लिया गया",A law was made and withdrawn within two years,"दिसंबर 2019 में चारधाम देवस्थानम प्रबंधन अधिनियम पास हुआ और जनवरी 2020 में बोर्ड बना, जिसने 51 मंदिरों का प्रबंधन अपने हाथ में लिया. पुरोहितों के विरोध के बाद नवंबर 2021 में सरकार ने वही कानून वापस ले लिया. सवाल यह नहीं कि मंदिर कौन चलाए. सवाल यह है कि कानून बनाने से पहले सलाह-मशविरा क्यों नहीं हुआ, और बोर्ड बनाने-हटाने पर कुल कितना ख़र्च आया?","The Char Dham Devasthanam Management Act was passed in December 2019 and the board constituted in January 2020, taking over the management of 51 temples. After protests by priests, the government repealed the same law in November 2021. The question is not who should run temples. It is why the consultation did not happen before the law was passed, and what creating and dissolving the board cost in total.",,https://70sawal.github.io/q/79/,"ThePrint: Vindicated, say Uttarakhand priests as state govt decides to repeal Char Dham Board Act <https://theprint.in/india/vindicated-say-uttarakhand-priests-as-state-govt-decides-to-repeal-char-dham-board-act/774441/> | Sacred Yatra: Chardham Devasthanam Board: what it was and how it was dissolved <https://www.sacredyatra.com/chardham-devasthanam-board.html>"
60,80,,governance,A,verified,"बनाओ, फिर हटाओ. खर्च किसका?","Passed, then withdrawn. At whose cost?","चारधाम देवस्थानम कानून दिसंबर 2019 में बना और नवंबर 2021 में वापस ले लिया गया. समान नागरिक संहिता जनवरी 2025 में लागू हुई और जनवरी 2026 तक उसमें संशोधन अध्यादेश लाना पड़ा. दोनों बार कानून पहले बना, सवाल बाद में उठे. विधेयक पास करने से पहले सार्वजनिक परामर्श की प्रक्रिया क्या है, और पिछले नौ साल में कितने विधेयकों पर वह प्रक्रिया पूरी हुई?","The Char Dham Devasthanam Act was passed in December 2019 and repealed in November 2021. The Uniform Civil Code came into force in January 2025 and required an amendment ordinance by January 2026. In both cases the law came first and the questions came after. What is the public consultation process before a bill is passed, and on how many bills in the last nine years was it actually completed?",,https://70sawal.github.io/q/80/,"ThePrint: Vindicated, say Uttarakhand priests as state govt decides to repeal Char Dham Board Act <https://theprint.in/india/vindicated-say-uttarakhand-priests-as-state-govt-decides-to-repeal-char-dham-board-act/774441/>"
61,81,,rozgaar,A,verified,एक लाख से ज़्यादा अभ्यर्थी. 416 पद. और पेपर लीक.,Over one lakh candidates. 416 posts. And the paper leaked.,"21 सितंबर 2025 को हुई UKSSSC की स्नातक स्तर की परीक्षा में एक लाख से ज़्यादा अभ्यर्थी बैठे थे. पद थे 416. हरिद्वार के एक केंद्र से प्रश्नपत्र के तीन पन्ने लीक होने के बाद अक्टूबर 2025 में परीक्षा रद्द कर दी गई. एक लाख लोगों की तैयारी, फ़ीस और यात्रा का हिसाब कौन देगा?","More than one lakh candidates sat the UKSSSC graduate-level examination on 21 September 2025. There were 416 posts. After three pages of the question paper leaked from a centre in Haridwar, the exam was cancelled in October 2025. Who accounts for the preparation, fees and travel of one lakh people?",RTI-02,https://70sawal.github.io/q/81/,Careers360: UKSSSC paper leak: Uttarakhand government cancels graduate level examination <https://news.careers360.com/uksssc-paper-leak-uttarakhand-government-cancels-graduate-level-examination-to-be-held-within-3-months>
62,82,,paper-leak,B,verified,अकेले 2021 में तीन भर्ती परीक्षाएँ रद्द हुईं,Three recruitment exams were cancelled in 2021 alone,"अकेले 2021 में तीन भर्ती परीक्षाएँ रद्द करनी पड़ीं: मई की स्नातक स्तर की परीक्षा, जुलाई की वन आरक्षी परीक्षा और सितंबर की सचिवालय रक्षक परीक्षा. तीनों में पेपर लीक और नकल की बात सामने आई. यानी 2022 का मामला अचानक नहीं आया. उससे पहले क्या कार्रवाई हुई थी?","Three recruitment exams had to be cancelled in 2021 alone: the graduate-level test in May, the forest guard test in July and the secretariat security guard test in September. Leaks and unfair means surfaced in all three. So the 2022 scandal did not come out of nowhere. What action was taken before it?",RTI-02,https://70sawal.github.io/q/82/,Deccan Herald: Three government recruitment exams cancelled in Uttarakhand <https://www.deccanherald.com/amp/story/india/three-government-recruitment-exams-cancelled-in-uttarakhand-1176788.html>
63,84,,governance,B,verified,अपने ही आरक्षण नियम अधिसूचित न होने से चुनाव रुके,Elections were stayed because the state's own reservation rules were not notified,"जून 2025 में उच्च न्यायालय ने पंचायत चुनाव पर रोक लगा दी क्योंकि आरक्षण के नियम विधिवत अधिसूचित नहीं किए गए थे. चुनाव 10 और 15 जुलाई को होने थे. राज्य के जवाब के बाद रोक हटी और चुनाव 24 व 28 जुलाई को हुए. सवाल यह है कि अपने ही नियम समय पर अधिसूचित क्यों नहीं हुए, और इस देरी पर कितना ख़र्च आया?","In June 2025 the High Court stayed the panchayat elections because the reservation rules had not been duly notified. The polls had been set for 10 and 15 July. After the state's submissions the stay was vacated and voting took place on 24 and 28 July. Why were the state's own rules not notified in time, and what did the delay cost?",,https://70sawal.github.io/q/84/,ANI: Uttarakhand High Court stays panchayat elections over reservation disputes <https://aninews.in/news/national/general-news/uttarakhand-high-court-stays-panchayat-elections-over-reservation-disputes20250623115947/> | Deccan Herald: Reservation row: Uttarakhand High Court stays panchayat polls in state <https://www.deccanherald.com/india/uttarakhand/reservation-row-uttarakhand-high-court-stays-panchayat-polls-in-state-3598427>
64,85,,environment,B,verified,2024 में जंगली जानवरों के हमलों में 64 मौतें,64 deaths from wildlife attacks in 2024,"वन विभाग के आँकड़ों के मुताबिक 2024 में उत्तराखंड में मानव-वन्यजीव संघर्ष की 406 घटनाएँ हुईं, जिनमें 342 लोग घायल हुए और 64 की मौत हुई. रिपोर्टों के अनुसार 2000 में यह औसत लगभग 30 मौतें सालाना था. यानी चौबीस साल में यह संख्या दोगुनी हो गई. सवाल: इन चौबीस सालों में रोकथाम पर कितना पैसा ख़र्च हुआ, और मौतें फिर भी क्यों बढ़ीं?","Forest department figures record 406 human-wildlife conflict incidents in Uttarakhand in 2024, with 342 people injured and 64 killed. Reports put the average around 30 deaths a year in 2000. The number has doubled in twenty-four years. How much was spent on prevention over that period, and why did the deaths still rise?",RTI-13,https://70sawal.github.io/q/85/,"Garhwal Post: Significant increase in human-wildlife conflicts in 2024, 64 deaths this year <https://garhwalpost.in/significant-increase-in-human-wildlife-conflicts-in-2024-64-deaths-this-year/> | Mongabay India: Despite efforts and funds, human-wildlife conflict in Uttarakhand is not contained <https://india.mongabay.com/2023/02/despite-efforts-and-funds-human-wildlife-conflict-in-uttarakhand-is-not-contained/>"
64.1,86,85,environment,B,verified,मुआवज़ा ₹4 लाख से ₹6 लाख हुआ. मौतें नहीं रुकीं.,Compensation rose from Rs 4 lakh to Rs 6 lakh. The deaths did not stop.,"राज्य वन्यजीव बोर्ड की बैठक में जंगली जानवर के हमले में मारे गए व्यक्ति के परिवार को दिया जाने वाला मुआवज़ा 4 लाख से बढ़ाकर 6 लाख रुपये किया गया. मुआवज़ा बढ़ाना ज़रूरी है, पर वह घटना के बाद की बात है. रोकथाम के लिए क्या तय हुआ, और उसका बजट कितना है?","The State Wildlife Board raised the compensation paid to the family of a person killed by a wild animal from Rs 4 lakh to Rs 6 lakh. Raising compensation matters, but it is what happens after the event. What was decided on prevention, and what is its budget?",,https://70sawal.github.io/q/85/,"Garhwal Post: Significant increase in human-wildlife conflicts in 2024, 64 deaths this year <https://garhwalpost.in/significant-increase-in-human-wildlife-conflicts-in-2024-64-deaths-this-year/>"
65,87,,governance,B,verified,नल लग गया. पानी आता है या नहीं?,The tap is installed. Does water come out of it?,"जल जीवन मिशन के तहत घर-घर नल लगाने का काम हुआ. 2022 के राष्ट्रीय कार्यक्षमता आकलन में पाया गया कि 98% घरों में नल कनेक्शन था, पर चार में से केवल तीन घरों को मिशन के मानकों के मुताबिक पानी मिल रहा था. यह राष्ट्रीय आँकड़ा है. सवाल: उत्तराखंड के पहाड़ी ज़िलों में कितने कनेक्शन वास्तव में चालू हैं, और आख़िरी जाँच कब हुई?","Under the Jal Jeevan Mission, tap connections were installed household by household. The 2022 national functionality assessment found 98% of households had a connection but only three in four were receiving water meeting Mission standards. That is a national figure. How many connections in Uttarakhand's hill districts are actually functional, and when were they last checked?",,https://70sawal.github.io/q/87/,"Jal Jeevan Mission, Government of India: National report: functionality assessment of household tap connections, 2022 <https://jaljeevanmission.gov.in/sites/default/files/2022-10/national_report_of_functionality_assessment_2022.pdf> | India Water Portal: From infrastructure to impact: securing Jal Jeevan Mission's future <https://www.indiawaterportal.org/drinking-water/from-infrastructure-to-impact-securing-jal-jeevan-missions-future>"
66,88,,governance,B,verified,'नशा मुक्त उत्तराखंड 2025' का लक्ष्य था. अब 2026 है.,The target was a drug-free Uttarakhand by 2025. It is now 2026.,"सरकार ने 2025 तक 'नशा मुक्त उत्तराखंड' का लक्ष्य रखा था. तीन साल में 6,000 से ज़्यादा तस्कर गिरफ़्तार हुए और लगभग 200 करोड़ रुपये का नशीला पदार्थ बरामद हुआ. ये आँकड़े असली हैं. पर लक्ष्य की तारीख़ निकल चुकी है. सवाल: लक्ष्य पूरा हुआ या नहीं, यह किस पैमाने से नापा गया, और वह आकलन सार्वजनिक कहाँ है?","The government set a target of a drug-free Uttarakhand by 2025. Over three years more than 6,000 traffickers were arrested and around Rs 200 crore of narcotics recovered. Those figures are real. But the deadline has passed. By what measure was the target judged met or missed, and where is that assessment published?",,https://70sawal.github.io/q/88/,"ETV Bharat: Drug-Free Uttarakhand: CM launches state programme; ANTF arrests 6,000 drug smugglers in three years <https://www.etvbharat.com/en/bharat/5th-anniversary-of-drug-free-india-campaign-antf-arrests-6000-drug-smugglers-in-uttarakhand-in-3-years-enn25111804222> | The Pioneer: Substance abuse crisis threatens the future of Uttarakhand youth <https://www.dailypioneer.com/2024/columnists/substance-abuse-crisis-threatens-the-future-of-uttarakhand-youth.html>"
66.1,89,88,governance,B,verified,गिरफ़्तारियाँ बढ़ीं. नौजवानों तक पहुँच घटी या नहीं?,Arrests went up. Did reach among the young go down?,"देहरादून ज़िले के उपनगरीय इलाक़ों में हुए एक अध्ययन के मुताबिक 10 से 24 साल के युवाओं में नशे की लत एक गंभीर समस्या है, और 46.8% लोग 18 साल की उम्र के बाद इसकी शुरुआत करते हैं. गिरफ़्तारियों की संख्या बताती है कि कार्रवाई हुई. वह यह नहीं बताती कि नौजवानों तक नशे की पहुँच घटी या नहीं. राज्य के पास खपत या प्रसार का अपना आँकड़ा क्या है?","A study in suburban Dehradun district found substance abuse a serious problem among 10 to 24 year olds, with 46.8% beginning after the age of 18. Arrest figures show enforcement happened. They do not show whether reach among young people fell. What data does the state hold on prevalence rather than seizures?",,https://70sawal.github.io/q/88/,Journal of Family Medicine and Primary Care: Substance abuse among adolescents and youth (10-24 years) in suburban Dehradun district <https://pmc.ncbi.nlm.nih.gov/articles/PMC12007801/> | The Pioneer: Substance abuse crisis threatens the future of Uttarakhand youth <https://www.dailypioneer.com/2024/columnists/substance-abuse-crisis-threatens-the-future-of-uttarakhand-youth.html>
67,90,,health,C,verified,दूसरे राज्यों में अस्पतालों ने इलाज रोका. यहाँ क्या स्थिति है?,Hospitals stopped treating in other states. What is the position here?,"कई राज्यों में आयुष्मान भारत के तहत बकाया भुगतान न मिलने पर निजी अस्पतालों ने इलाज रोकने की चेतावनी दी या इलाज रोका. हरियाणा में 600 निजी अस्पतालों ने ऐसी घोषणा की. उत्तराखंड के बारे में हमें कोई आँकड़ा नहीं मिला, इसलिए हम कोई दावा नहीं कर रहे. सवाल सीधा है: उत्तराखंड में इस योजना के तहत अस्पतालों का कितना भुगतान बकाया है और कितने समय से?","In several states private hospitals have warned of, or carried out, a halt to treatment under Ayushman Bharat over unpaid dues. In Haryana 600 private hospitals announced such a step. We found no figure for Uttarakhand, so we make no claim about it. The question is simply this: how much is owed to hospitals under the scheme in Uttarakhand, and for how long?",RTI-04,https://70sawal.github.io/q/90/,Deccan Herald: Haryana's 600 private hospitals to suspend Ayushman Bharat over pending reimbursements <https://www.deccanherald.com/india/haryana/haryanas-600-private-hospitals-to-suspend-ayushman-bharat-due-to-pending-reimbursements-3374507>
68,91,,infrastructure,B,verified,रेल लाइन की तारीख़ 2026 से खिसककर 2028,The rail deadline moved from 2026 to 2028,"जनवरी 2025 में मुख्यमंत्री ने कहा था कि ऋषिकेश-कर्णप्रयाग रेल लाइन का पहला चरण 2026 तक पूरा हो जाएगा. नए कार्यक्रम के मुताबिक अब ट्रेन के कर्णप्रयाग पहुँचने का लक्ष्य दिसंबर 2028 है. देरी की वजह सुरंग निर्माण और आपदाएँ बताई गई हैं. सवाल: तारीख़ कितनी बार बदली, और हर बार लागत कितनी बढ़ी?","In January 2025 the Chief Minister said the first phase of the Rishikesh-Karnaprayag rail line would be complete by 2026. Under the revised schedule the train is now expected to reach Karnaprayag by December 2028, with tunnelling and disasters cited as reasons. How many times has the date moved, and by how much did the cost rise each time?",,https://70sawal.github.io/q/91/,Business Standard: First phase of Rishikesh-Karnaprayag rail line to be completed by 2026: Dhami <https://www.business-standard.com/india-news/1st-phase-of-rishikesh-karnaprayag-rail-line-to-be-completed-by-2026-dhami-125011100619_1.html> | Swarajya: RVNL pushes back Rishikesh-Karnaprayag rail deadline to 2028 <https://swarajyamag.com/news-brief/rvnl-pushes-back-rishikeshkarnaprayag-rail-deadline-to-2028-as-201-km-of-tunnelling-work-out-of-213-km-completed>
69,92,,infrastructure,B,verified,"₹38,953 करोड़ की परियोजना, ₹24,645 करोड़ ख़र्च, 65% काम","A Rs 38,953 crore project, Rs 24,645 crore spent, 65% done","ऋषिकेश-कर्णप्रयाग रेल परियोजना की अनुमानित लागत लगभग ₹38,953 करोड़ है, जिसमें से करीब ₹24,645 करोड़ अब तक ख़र्च हो चुके हैं और भौतिक प्रगति 65% बताई गई है. 213 किलोमीटर में से 201 किलोमीटर सुरंग का काम पूरा हो चुका है. सवाल: बचा हुआ 35% काम बची हुई राशि में पूरा होगा, या लागत फिर बढ़ेगी?","The Rishikesh-Karnaprayag rail project is estimated at about Rs 38,953 crore, of which roughly Rs 24,645 crore has been spent, against 65% physical progress. Of 213 km of tunnelling, 201 km is complete. Will the remaining 35% be finished within the remaining funds, or will the cost rise again?",,https://70sawal.github.io/q/92/,"Swarajya: Rishikesh-Karnaprayag rail line: Rs 24,645 crore spent, 65 per cent progress achieved <https://swarajyamag.com/infrastructure/rishikesh-karnaprayag-new-rail-line-project-in-uttarakhand-rs-24645-crore-spent-65-per-cent-progress-achieved>"
70,93,,vaada,A,verified,दोनों बड़ी परियोजनाओं की तारीख़ खिसक चुकी है,Both flagship projects have slipped their dates,"पाँच साल पूरे होने पर सरकार ने अपनी उपलब्धियों में दो बड़ी परियोजनाएँ गिनाईं: चारधाम ऑल-वेदर रोड और ऋषिकेश-कर्णप्रयाग रेल लाइन. चारधाम हाईवे का वादा दिसंबर 2022 तक पूरा करने का था, उसकी सिलक्यारा सुरंग अब 2027 में खुलने की बात है. रेल लाइन का पहला चरण 2026 तक पूरा होना था, अब लक्ष्य दिसंबर 2028 है. जिन दो कामों को सबूत बताया गया, दोनों की तारीख़ खिसक चुकी है. अगली तारीख़ क्या है?",Marking five years in office the government cited two flagship projects as evidence: the Char Dham all-weather road and the Rishikesh-Karnaprayag rail line. The Char Dham highway was promised for December 2022 and its Silkyara tunnel is now expected to open in 2027. The rail line's first phase was to be done by 2026 and the target is now December 2028. Both projects offered as proof have slipped. What is the next date?,,https://70sawal.github.io/q/93/,"ANI: Dhami completes five years in office, credits PM Modi and 'double-engine govt' <https://aninews.in/news/national/politics/uttarakhand-cm-dhami-completes-five-years-in-office-credits-pm-modi-double-engine-govt-for-states-progress20260704091838/> | Swarajya: RVNL pushes back Rishikesh-Karnaprayag rail deadline to 2028 <https://swarajyamag.com/news-brief/rvnl-pushes-back-rishikeshkarnaprayag-rail-deadline-to-2028-as-201-km-of-tunnelling-work-out-of-213-km-completed> | Business Standard: First phase of Rishikesh-Karnaprayag rail line to be completed by 2026: Dhami <https://www.business-standard.com/india-news/1st-phase-of-rishikesh-karnaprayag-rail-line-to-be-completed-by-2026-dhami-125011100619_1.html>"
